会社名,勤務地,給与
パーソルエクセルHRパートナーズ株式会社 | 【旧社名：パーソル パナソニック HRパートナーズ株式会社】,【希望を考慮し、配属先を決定します】 転居を伴う転勤は、原則推奨していません。 U・Iターン歓迎…,"月給234,500円〜395,000円 "
ワークスアイディ株式会社 | DXで顧客課題を解決/自社内受託も増加中/リモート約7割/AI挑戦可,★転勤なし・U/Iターン歓迎 ★配属は希望を考慮します。 北海道・宮城県・東京都・愛知県・大阪府・…,月給：22万円〜70万円
株式会社SHIFT | 東証一部上場★ソフトウェア開発/PMの経験を活かしてキャリアUP,東京・大阪・名古屋・札幌・福岡の各拠点 ※本人の意志に沿わない転居を伴う転勤はなし ★全拠点最寄駅…,月給35万円〜80万円
株式会社VSN | ◆先端IT領域で事業拡大中 ◆残業17h ◆副業可 ◆残業代満額支給,東京・名古屋・大阪の大都市、および関東・中部・近畿地域のプロジェクト先。 ※希望勤務地に関してはご…,【基本給】月給20万〜77.5万円（+別途手当支給）
フルウィル株式会社 | ★年間休日130日★残業ほぼなし★入社時に年収180万円増の実績有,関東・関西・北海道・九州のプロジェクト先 ※ご自身のご希望や居住地を考慮し、決定します。 ※転居を…,月給32万円〜90万円
株式会社夢テクノロジー | ★東証一部上場企業グループ★資格取得支援など各種制度充実◎,全国のプロジェクト先から希望を考慮の上、決定いたします。 ★U/Iターン歓迎 ★転勤なし [本社]…,月給:23万円〜28万円＋各種手当＋賞与2回＋残業代100％支給
株式会社SHIFT | ITエンジニア経験を活かしてITコンサルタントへ！,東京・大阪・名古屋・札幌・福岡の各拠点 ※本人の意志に沿わない転居を伴う転勤はなし ★全拠点最寄駅…,月給40万円〜100万円
株式会社レグルカセ | WEB面接OK／年間休日125日／転勤なし／残業少なめ／社員満足度◎,★転居を伴う転勤はありません！U・Iターンも歓迎！ 【首都圏】東京・神奈川・埼玉・千葉などのプロジ…,【経験者】
株式会社Lincs | 年休125日以上★半数以上がリモート案件★自分で案件を選べる,在宅ワーク、または本社勤務、または首都圏（東京／港区・新宿区・渋谷区含む、神奈川、千葉、埼玉）にあ…,月給35万円〜85万円
株式会社カーネルジャパン | ★土日祝休み★年休125日以上★残業月20h以下★20代活躍中,【転勤なし】 本社および東京・神奈川・埼玉・千葉などのプロジェクト先(勤務地は希望を考慮) ★本社…,【月給】18万〜80万円＋各種インセンティブ
株式会社オルトプラス | <東証一部上場の安定成長企業>★残業月20h以下★土日祝休み,【交通費全額支給】 ★本社（「池袋駅」徒歩8分）または東京都内を中心とした各プロジェクト先 ■本社…,■月給25万円〜50万円
株式会社テイクス | 【品川・東北事業所】エンジニアが主役！上場企業グループ会社,東京、神奈川、埼玉、千葉、宮城のプロジェクト先 ※転勤はありません。 ※勤務地は最大限考慮。 【品…,◆月給22万円〜50万円+賞与　※高収入を掴むことも可能です。
株式会社スタッフサービス | エンジニアリング事業本部,【転勤なし】北海道から九州まで46都道府県の各プロジェクト先(テレワーク実績あり) ★面接地エリア…,"月給21万5,000円以上＋各種手当（残業手当全額支給等）"
ピセ株式会社 | 在宅勤務制度あり／幅広い事業領域の安定企業／働きやすさも追求,★転勤なし！ ★東京・札幌・仙台・名古屋・大阪の各拠点またはクライアント先での勤務になります。 ＜…,◆年俸350万円〜850万円
株式会社夢テクノロジー | 【大阪府緊急雇用対策に賛同】年休120日以上！★未経験歓迎！,全国いずれかのプロジェクト先 ★在宅勤務のプロジェクトもございます★ ※希望エリアを考慮 ※U・I…,◆月給19.5万円〜27万円(一律手当3万含む)＋残業手当100％＋交通費＋賞与2回
ALH株式会社 | 《WEB面接・在宅研修実施中》未経験入社9割｜年休120日以上,《★入社後はリモート研修を実施》 《★転居を伴う転勤なし》 《★勤務地は希望を考慮》 ＜勤務地＞…,月給 22万5000円以上 +（賞与年2回）+（各種手当 ※時間外手当+住宅手当）
株式会社エージェントゲート | 化粧品、メーカー、ゲームなど大手と取引★土日祝休★年休130日,首都圏（東京23区／丸の内・品川・東京・新宿・渋谷・六本木・秋葉原・池袋／横浜／大宮／千葉）などの…,経験3年以上の方／月給30万円〜
株式会社テイクス | 【池袋事業所】21年連続増収増益！上場企業グループ会社,東京、神奈川、埼玉、千葉のプロジェクト先 ※本人希望による転勤あり。 ※勤務地は最大限考慮。 【池…,◆月給22万円〜50万円+賞与　※高収入を掴むことも可能です。 
株式会社メイテック | 《東証一部上場企業》IoT・AI・5Gなど話題のプロジェクトあり,◇北海道・東北・関東・中部・東海・関西・中国・九州を中心に各地の配属先 ＜勤務地考慮＞ ご希望を考…,月給20万6400円〜38万7600円
株式会社TheNewGate | 自社サービス有/未経験OK/残業月5Ｈ/6ヶ月の研修有/平均年齢26歳,【東京支社】東京都品川区西品川一丁目1番1号　大崎ガーデンタワー9F 【群馬本社】群馬県高崎市請地…,月給23万円〜50万円＋賞与＋インセンティブ賞与
株式会社エージェントゲート | 定着率94%★Web面談実施中★年収120万UPでスタートの経験者も！,首都圏（東京23区／丸の内・品川・東京・新宿・渋谷・六本木・秋葉原・池袋／横浜／大宮／千葉）などの…,経験3年以上の方／月給30万円〜
株式会社テクノプロ　テクノプロ・デザイン社 | 東証一部◆上流比率75％◆業界シェアNo.1(グループ売上高),★北海道から九州まで46都道府県の各プロジェクト先および当社拠点（沖縄を除く） 【勤務エリアは選択…,月給31万円〜68万円（一律手当含む）
株式会社レクシス  | 8割が在宅勤務/在宅時の光熱費支給/定着率92.5％/20代活躍中,東京・神奈川・埼玉・千葉・岐阜・愛知・三重・京都・大阪・兵庫の各プロジェクト先での勤務。 ※東京所…,月給22万円〜55万2000円＋各種手当（家族・住宅・出張・職能・時間外手当など）＋賞与年2回
株式会社Freedoming | 平均年齢27歳／多様な働き方を実現／残業月平均10h／副業OK,都内を中心とした一都三県のプロジェクト先 ※希望を考慮し、配属します。 ※自社サービス・受託などの…,"月給280,000円以上 ＋ 諸手当 ＋ 決算賞与（年1回）"
データアナリティクスラボ株式会社 | Start up×IT×English◆住宅・資格手当あり◆年間休日120日以上,◇東京本社または東京23区内のプロジェクト先 ※希望や通勤時間などを考慮の上、決定します。 ※転居…,◇データアナリスト経験者／月給30万円以上
株式会社アルファシステムズ | 【東証一部上場／49年間黒字経営を継続中】★社員定着率96.4％,住宅手当充実＆独身寮もあります！ ◆自社開発センター（神奈川）もしくは東京・神奈川のプロジェクト先…,"◆月給(最低保証給)／21万9,000円以上"
株式会社エージェントゲート | Web面談実施中★年間休日130日★Python／Java／Rubyなど案件多数,首都圏（東京23区／丸の内・品川・東京・新宿・渋谷・六本木・秋葉原・池袋／横浜／大宮／千葉）などの…,経験3年以上の方／月給30万円〜
株式会社WiZ | ★年休120日以上 ★定着率90％以上 ★面接1回 ★20代活躍中,※転居を伴う転勤なし！ ★最寄り駅は「六本木」or「六本木一丁目」！★ 本社 東京都港区六本木3-…,月給23万〜40万円
サンライズシステム株式会社 | 〈創立38年の信頼〉年休125日◆残業月10h◆入社時年収80万UP例有,【転勤なし】 自社内(テレワーク可)or東京(渋谷区/港区/品川区等を中心とした23区内)/神奈川…,月給35万円以上 + 諸手当 + 賞与
株式会社リクルートスタッフィング情報サービス | 未経験からITデビュー★プライベートを大切に長く働けます！,東京エリア(東京、神奈川、千葉、埼玉)または大阪エリア(大阪、京都、兵庫、奈良)での勤務 【東京エ…,■首都圏：月給18.6万円以上＋各種手当
株式会社アイエスエフネット | 【大阪府緊急雇用対策に賛同】★在宅勤務OK★年間休日126日,【リモート案件多数】 ★69％が毎年昇給 ★MAX60％のインセンティブ賞与 ★UIターン歓迎(上…,【月給40万円~】＋インセンティブ賞与(月~20万/年~240万)・諸手当を別途支給
株式会社アイエスエフネット | 【大阪府緊急雇用対策に賛同】★インセンMAX60％/69％が毎年昇給,【リモート案件多数】 ★月~20万/年~240万のインセンティブ賞与 ★UIターン歓迎(上京時に寮…,<東京/埼玉/神奈川/千葉>
株式会社リクルートスタッフィング情報サービス | 未経験からITデビュー★プライベートを大切に長く働けます！,東京エリア(東京、神奈川、千葉、埼玉)または大阪エリア(大阪、京都、兵庫、奈良)での勤務 【東京エ…,■首都圏：月給18.6万円以上＋各種手当
株式会社アイエスエフネット | 【大阪府緊急雇用対策に賛同】★インセンMAX60％★残業ほぼナシ,【リモート案件多数】 ★69％が毎年昇給 ★MAX60％のインセンティブ賞与 ★UIターン歓迎(上…,【月給35万円~】＋インセンティブ賞与(月~20万/年~240万)・諸手当
株式会社インビリティー | 【自社内開発ゲームアプリなど】中途入社多数/平均残業月20H以下,【 名古屋、東京、大阪のいずれかのエリアにて勤務 】 ＼ 好きな場所でスタート！★転勤なし★U・I…,◆月給20万円〜50万円＋ 手当(残業手当全額、交通費全額)＋ 賞与年2回
フォーザウィン株式会社 | 上流工程から携わる/残業ほぼなし/年休125日/面接1回,【転勤なし／希望を考慮】東京本社・渋谷支店・大阪支店・名古屋支店・群馬支店、または各プロジェクト先…,月給25万円〜
フォーザウィン株式会社 | 経験ゼロでも志望動機がなくても、しっかり育てる会社です！,【転勤なし／希望を考慮】東京本社・渋谷支店・大阪支店・名古屋支店・群馬支店、または各プロジェクト先…,月給20万円〜25万円
株式会社ラクスパートナーズ | 上場企業グループ/9割が未経験スタート/年休120日以上/残業月10h,【転勤なし／UIターン歓迎／駅近オフィス】 ≪本社・ラーニングセンター≫ または ≪東京23区を中…,■月給22万円〜24万円
フォーザウィン株式会社 | 経験ゼロでも志望動機がなくても、しっかり育てる会社です！,【転勤なし／希望を考慮】東京本社・渋谷支店・大阪支店・名古屋支店・群馬支店、または各プロジェクト先…,月給20万円〜25万円
株式会社こども総合研究所 | 教育×IT(AI・ビッグデータ)/年休125日/残業ほぼゼロ/面接1回,【転勤なし・自社内開発プロジェクトです】 ■東京都港区南青山6丁目8-6 テロワール南青山501…,月給：25万円〜
テー・ピー・エスサービス株式会社 | ≪研修2か月≫ 社員定着率93%/Web面接対応可,東京都、神奈川、埼玉、千葉、名古屋、大阪、京都、兵庫、福岡のいずれかでの勤務となります ※あなたの…,【東京本社（プロジェクト先：東京・神奈川・埼玉・千葉）】
フォーザウィン株式会社 | 上流工程から携わる/残業ほぼなし/年休125日/面接1回,【転勤なし／希望を考慮】東京本社・渋谷支店・大阪支店・名古屋支店・群馬支店、または各プロジェクト先…,月給30万円〜
株式会社SHIFT | ◆東証一部上場◆毎年約150％の売上高成長率を継続中◆,【東京本社】 東京都港区麻布台2-4-5 メソニック39MTビル ★本人の意志に沿わない転居を伴う…,"月給:28万3,334円〜33万3,334円"
株式会社ツリーベル | 【33年間黒字経営】年休123日/残業平均月8.3h/半分が自社内開発,【U・I・Ｊターン歓迎／転勤なし／プロジェクトの半数が自社内開発】 当社各拠点 もしくは首都圏、関…,★経験者であれば、月給35〜60万円！前給ももちろん考慮！
株式会社FunClock | ◎20代前半が多く活躍中！◎完全週休2日&残業平均4hで働きやすい,【転勤なし！遠方からのご応募も歓迎！】 ◆本社(六本木)または東京・神奈川・千葉・埼玉の各プロジェ…,月給18万円〜80万円+資格手当(1種類につき月1万円以上)
株式会社SHIFT | 【東証一部上場】10期連続150％の売上高成長率を継続中！,東京・大阪の各拠点 ※本人の意志に沿わない転居を伴う転勤はなし ★全拠点最寄駅徒歩5分以内 ★U・…,"月給:33万3,334円~49万5,834円"
フォーザウィン株式会社 | 上流工程から携わる/残業ほぼなし/年休125日/面接1回,【転勤なし／希望を考慮】東京本社・渋谷支店・大阪支店・名古屋支店・群馬支店、または各プロジェクト先…,月給30万円〜
グルーコードシステムズ株式会社 | ★コロナ禍でも積極採用 ★内定までWeb面接可 ★年間140日休みOK,※転勤はありません※U・Iターン歓迎 【東京本社】東京都渋谷区渋谷3-10-19　渋谷MJ-2ビル…,月給30万円〜
株式会社アライブ．ｃｏｍ | 入社祝金10万円★年休130日★開発経験3年以上の方は全員面接!,★転勤なし ★テレワークOK 【本社】 東京都港区芝大門2-9-8　シャンデールビル4F 【プロジ…,月給30万円〜
株式会社ライズイノベーター | *年休134日*土日祝休み*面接1回*開発経験1年以上の方は全員面接,【転勤なし／U・Iターン歓迎！】 本社／東京都港区元赤坂1-2-7 赤坂Kタワー4階 ★本社または…,月給30万円以上＋残業代全額支給＋賞与年2回
株式会社テクトン | WEB面接可／年間休日125日／土日祝休み／残業少なめ,＜転居を伴う転勤はありません＞ ■本社／東京都新宿区新宿6-29-8 新宿福智ビル5F・6F ■関…,■月給30万円〜70万円
株式会社野村総合研究所 | （NRI） 東証一部上場★海外研修など豊富な研修制度あり,【転勤なし／U・Iターン歓迎】札幌ソリューション開発部に配属します。 《札幌ソリューション開発部》…,"修士了／月給241,500円（2018年4月実績）"
日鉄ソリューションズ株式会社 | 東証一部上場・[旧]新日鉄住金ソリューションズ株式会社,●本社（東京都港区）および都内の常駐先 ★受動喫煙防止のための取り組み★ 喫煙専用室を設置していま…,"月給270,000円以上（諸手当を除く）"
株式会社ウィルオブ・ワーク | 東証一部上場グループ企業◆4年連続で健康経営優良法人に認定,《転勤なし！リモートワーク、在宅勤務もあり！》本社もしくは各プロジェクト先（1都3県） ※ご希望は…,"月給22万2,500円以上〜23万円＋賞与年2回"
株式会社c.paradiso | 【残業は月平均0～20時間／年間休日126日／産休・育休あり】,本社（日本橋）もしくは東京23区内クライアント先 ※ご本人の希望等を考慮して決定いたします。 《本…,月給23万円以上
アルユーアイ株式会社 | ★給与UP保証★完全週休2日(土日)★年休126日★残業10時間以内,《★首都圏（神奈川、千葉、埼玉）のプロジェクトで積極採用！》 《★希望勤務地を考慮》 《★U・Iタ…,【インフラエンジニア経験者】
パーソルエクセルHRパートナーズ株式会社 | 技術総合職の募集です ※WEB面接OK,【希望を考慮し配属先を決定します】 転居を伴う転勤は、原則推奨していません。 U・Iターン歓迎 *…,"月給234,500円〜395,000円"
株式会社イシダ | はかりしれない技術を、世界へ。1893年創業の専門メーカー,【京都・東京にて募集】 ◆京都本社 京都府京都市左京区聖護院山王町44 《最寄り駅》 京阪線 神宮…,"◆月給20万7,000円〜（一律手当含む）"
株式会社ウイングプラス | 【エンジニアの幸せを守る会社】◇賞与年3回◇面接1回（WEB可）,首都圏の各プロジェクト先【東京・神奈川・埼玉・千葉】 ★転勤なし ★U・Iターン歓迎 【プロジェク…,月給:25万円〜60万円＋諸手当（残業代100％支給など）＋賞与年3回＋決算賞与（業績による）
"SGビジネス株式会社 | 【200％売上UPの成長企業】★在宅手当月3,000円★残業月平均10h",本社（横浜）または首都圏（東京・神奈川・千葉・埼玉）のプロジェクト先 ※勤務地は希望を考慮して決定…,月給:25万円〜45万円 ＋ 賞与年2回
株式会社divx | 「TECH CAMP」を運営する(株)divグループの急成長ITベンチャー,★転勤なし ★自社オフィス（出社）&在宅勤務 ★フルリモート（応相談） 在宅勤務（リモートワーク）…,【月給】37万5000円〜（固定残業代含む）
株式会社Ｒ－ＴＧエージェント | <コロナ禍でも業績好調の成長企業>★経験に見合った待遇でお迎え,■東京都新宿区西新宿6-18-1 住友不動産新宿セントラルパークタワー19階 ★新宿駅から無料シャ…,■月給35万円〜50万円『＋月4万円の家賃補助※該当者 』
株式会社大成社 | ★話だけ聞きたいでもOK！お気軽にご応募下さい！★副業もOK,★現在はリモート勤務が中心になっています。 プロジェクト先は東京23区を中心とする首都圏（東京、神…,月給35万円〜90万円＋諸手当（残業手当100%支給、交通費全額）
株式会社夢テクノロジー | 【大阪府緊急雇用対策に賛同】腰を据えて働ける！残業少なめ！,全国いずれかのプロジェクト先 ★在宅勤務のプロジェクトもございます★ ※希望エリアを考慮 ※U・I…,◆月給19.5万円〜27万円(一律手当3万含む)＋残業手当100％＋交通費＋賞与2回
株式会社GSI | 土日祝休★年休128日★有給消化率71％★定着率92％★リモート有,★勤務地は東京・大阪・札幌・福岡・仙台が選べます！ ★新OPENの仙台は積極採用中 ★100％転勤…,〈月給〉
株式会社インターフェイス | ★設立40年の安定基盤★土日祝休★残業少なめ★福利厚生◎,【 転勤なし 】 ◆本社 東京都港区芝浦3-20-9 BR芝浦Nビル 4階 ・JR山手線『田町駅』…,"■月給22万6,500円〜＋残業代(発生した場合)・交通費全額支給＋諸手当(家族手当＋各種資格の合格祝い金な…"
株式会社FAM　 | 【IT、Webへの興味や勉強をしている方は大歓迎】★年休120日以上,【本社もしくは各プロジェクト先】 ★勤務地は希望を最大限考慮します ★案件によってはリモート勤務も…,■未経験者：月給20万円以上
株式会社三鋭システム | 【自社製品で特許取得】★最大20万円赴任補助★男性育休実績有,転勤なし！本社または首都圏を中心とする顧客先！ 本社／東京都千代田区外神田5-1-3　ニュー末広ビ…,月給21万5000円〜
株式会社クラフト | 社員の約7割がリモートワーク|賞与年4カ月|産休育休実績あり,【東京23区・神奈川県のプロジェクト先】 東京都千代田区/東京都中央区/東京都港区 東京都新宿区/…,月給21万2000円〜＋賞与年2回（年間4ヶ月分／昨年度実績）
株式会社セラク | 大阪府緊急雇用対策に賛同 ☆最大2ヵ月の研修でイチから学べる！,＜関西圏積極採用中＞ 東京・大阪の本社または各支社・支店 及び近郊のプロジェクト先(埼玉県さいたま…,◆月給21万円〜(未経験の方)
株式会社ゼディアルーク | グループ会社を複数擁し、IT事業を展開する成長企業,渋谷本社／目黒支社／首都圏のプロジェクト先 ※勤務地はご希望を考慮します。 ※転勤はありません。…,月給18万円〜80万円 ＋ インセンティブ（プロジェクト単位での業績に応じる）
"株式会社日本技研プロフェッショナルアーキテクト | 3年間は毎年昇給33,000円！4年経過で月給40万も可能！",新宿本社または首都圏各事業所に配属。 ★配属先のプロジェクトにより、テレワーク可。 本社： 東京都…,【未経験者】
株式会社メイテックフィルダーズ  | [東証一部上場／グループ企業]技術派遣のリーディングカンパニー,◇北海道・東北・関東・中部・東海・関西・中国・九州を中心に各地の配属先 ＜勤務地考慮＞ ご希望を考…,月給17万9700円〜47万8225円
株式会社エム・フィールド | リモートワーク積極導入/DX推進&自社サービスも多数リリース予定,【五反田オフィス】 東京都品川区東五反田2-7-18 SOWA五反田ビル4F もしくはプロジェクト…,月給24万円〜
株式会社夢テクノロジー | 【大阪府緊急雇用対策に賛同】年休120日以上！残業少なめ,＜各エリアにて採用中！＞ ※在宅ワーク可能なプロジェクトもあります！ ※希望エリアを考慮 ※U・I…,◆月給19.5万円〜27万円(一律手当3万含む)＋残業手当100％＋交通費＋賞与2回
株式会社メイテックフィルダーズ  | 【東証一部上場／グループ企業】最先端領域のシステム開発を担当,◇北海道・東北・関東・中部・東海・関西・中国・九州を中心に各地の配属先 ＜勤務地考慮＞ ご希望を考…,月給17万9700円〜47万8225円
株式会社セラク | 大阪府緊急雇用対策に賛同☆東証一部上場企業☆33期連続黒字経営,＜首都圏積極採用中＞ 東京・横浜・大阪・札幌・名古屋・福岡の本社または各支社・支店 及び近郊のプロ…,東京/千葉/埼玉:月給22万~40万円
アクティブ・アイティ株式会社 | キヤノンM・富士通など大手と直取引の上流・大型案件多数,東京本社または首都圏のプロジェクト先（東京、神奈川、千葉、埼玉） ＜東京＞ 千代田区、中央区、港区…,月給:30万円以上＋残業代100％支給＋賞与
株式会社ライズテック | [TOKYO働きやすさ改革宣言企業] ★9連休OK！ ★在宅勤務補助あり,《在宅勤務実施中！》本社またはプロジェクト先(東京都内中心)での勤務となります。 ◆本社／東京都中…,月給23万円〜45万円
株式会社HYBES | 東証一部上場/TSIホールディングスグループ★フレックスタイム制,《転勤なし／在宅ワークOK》 東京都港区北青山1-2-3 青山ビル6階 〜アクセス〜 銀座線・半蔵…,月給21.5万円〜45万円＋賞与年2回＋諸手当
株式会社KDDIエボルバ | 東証1部上場企業グループ◆在宅(テレワーク)もOK！賞与年2回♪,【転勤なし☆東京23区内もしくは宮崎市での勤務！】※希望を考慮します。 ★定着率95％の好待遇★…,月給25万円〜+残業手当（1分単位で支給）+諸手当
株式会社リクルートR&Dスタッフィング | リクルートグループ｜年間休日120日以上,【全国30都府県】 ※希望勤務地考慮 ※IUターン歓迎 (関東エリア)：東京、神奈川、埼玉、千葉、…,月給20万円〜44万円
株式会社ケアリッツ・アンド・パートナーズ | <ITと介護事業を手がける成長企業>毎年140%以上の増収★残業少,【交通費全額支給・転居を伴う転勤なし】 ★新宿ミライナタワー、または都内、埼玉県、神奈川県、千葉県…,■月給35万円〜80万円＋諸手当＋賞与2回
IFS株式会社 | ★リモートワーク（全体の約80%）★産業医による抗体検査も可能,《★リモートワークも実施中（全体の約80%）》 《★五反田オフィスで積極採用！》 《★転居をともな…,月給 25万円〜60万円 ＋ (各種手当)
タイズ株式会社 | 前年比222％成長中！年休125日／残業ほぼ0／資格取得支援制度有,東京都23区内の各プロジェクト先 ※希望・交通費支給上限内を考慮して決定します。 【本社】 東京都…,"IT業界未経験 月給：200,000円〜"
株式会社アルトナー | 実績59年目／東証一部上場／業界トップクラスの技術力が自慢,◆エリア限定制度あり。意欲あふれる20〜30代が活躍中！ 横浜・宇都宮・大阪・名古屋の各事業所管内…,未経験:月給23万9000円以上
株式会社アビリティ | 【第二創業期】◆リモートワーク（8割）◆年休125日◆残業月10H,本社または東京23区内と首都圏（神奈川、埼玉、千葉）を中心とした各プロジェクト先 ※転勤はありませ…,月給:35万円〜50万円＋賞与年2回
株式会社アスページ | ★定着率92％★年1回海外or国内旅行★年休123日★20名採用,本社（東京都千代田区）および、23区・首都圏を中心としたプロジェクト先 ◆プロジェクト先／東京都、…,【経験者】
コムテック株式会社 | 《東海エリア限定採用》★大手クライアントでの業務改善を支援,《 転勤はありません 》 主に愛知県・岐阜県の取引先での勤務となります。 ※あなたのお住まいを考慮…,★月給19.3万円〜25万円＋各種手当＋賞与2回
テクノスクエア株式会社 | 大手SIerやメーカーとの直接取引！高収益の開発会社です。,★転居を伴う転勤なし・UIターンも歓迎！ 【川崎本社】または【東京・神奈川のプロジェクト先】での勤…,"月給23万9,000円以上＋残業手当（全額）＋その他諸手当＋賞与年3回"
株式会社アミストロング | エンジニア目線の会社で、あなたの「やってみたい」を叶える！,東京都台東区の本社　または　東京都・埼玉県・千葉県・神奈川県にある各プロジェクト先。※ご希望を考慮…,"月給289,075円〜520,313円"
株式会社アイビス | 大阪支社★人気アプリ「ibisPaint」1億3千万ダウンロード数突破,【大阪支社】 〒533-0033 ◆大阪市東淀川区東中島1丁目18番22号 新大阪丸ビル別館8階…,"◆月給20万円〜51万8,400円"
株式会社アルテクス | 残業月20h以下／年休125日以上／完全週休2日／家賃補助5割,≪勤務地確約／転居・転勤なし≫ 大阪・広島・福岡・熊本の当社事務所または各エリアのプロジェクト先へ…,月給20万円 〜 55万円
ゼネリックソリューション株式会社 | 【100％自社内開発】■月給30万円～,【渋谷駅近くのオフィスです◎】 開発拠点／東京都渋谷区渋谷3-28-15　渋谷S.野口Bldg.6…,月給30万円〜70万円
株式会社ピーエスクリエイティブ | 【創業23年／コロナ禍でも安定して増収増益】★複数名採用,★転勤なし／U・Iターン歓迎 ★西新宿のオシャレなオフィスも利用できる 東京都23区内を中心とした…,月給30万円〜 ＋ 各種手当
株式会社シャフト | ◎入社祝い金10万円／年休130日以上／エンジニアファースト◎,【転勤なし！遠方からのご応募も歓迎です！】 《本社》 東京都渋谷区恵比寿1-25-1 NAGAHA…,月給32万円以上
株式会社ジョブサポート | ★2500名のSE育成実績あり／完全週休2日制(土日)・残業少なめ★,東京23区内、都内近郊（神奈川、千葉、埼玉）のプロジェクト先 ※転居を伴う転勤はありません。勤務地…,"月給21万5,000円〜45万円"
株式会社Vヴィズリア | ★年休125日超★土日祝休み★残業18h以下★完全週休2日★面接1回,【転勤なし／最寄り駅から徒歩2分でアクセス◎】 ★「代々木」「北参道」の2駅利用できます ◆代々木…,【月給18万円〜】+ 各種インセンティブ
ダットジャパン株式会社 | 札幌にいながら全国の案件に携われる！★土日祝休み ★WEB面接可,【本社】北海道札幌市中央区南3条西5丁目1番1 ノルベサ5階 ※転勤なし ※U・Iターン歓迎,"月給250,000円〜350,000円(一律手当含む)"
株式会社エスユーエス | 【マザーズ上場】前職から給与アップの実績多数/残業月平均19.4h,全国のプロジェクト先 ※ご希望や通勤を考慮し、勤務地を決定します。 ※U・Iターン歓迎！ ＜プロジ…,月給30万円以上 ＋ 各種手当 + 賞与（年2回）
株式会社ビルドイット | 設計からの請負い案件100％で高収入可 ★残業全社月平均10h以下,《転居を伴う転勤なし》 ◆本社 港区芝大門1-10-11芝大門センタービル10F 〜アクセス〜 ・…,月給30万円〜50万円 ＋ 賞与年2回
株式会社エスユーエス | 【マザーズ上場】自社ラボでの研究開発も強み/残業月平均19.4h,全国のプロジェクト先 ※ご希望や通勤を考慮し、勤務地を決定します。 ※U・Iターン歓迎！ ＜プロジ…,月給30万円以上 ＋ 各種手当 + 賞与（年2回）
アクサス株式会社 | 【案件常時1000件以上】プライム案件◆年休125日◆残業月平均15H,【転勤なし／希望エリア／Iターン／Uターンで勤務可能】 東京・愛知・大阪・北海道・広島・香川・福岡…,月給:35万円〜＋諸手当（育児サポート、交通費全額支給、役職、特別作業など)
アクサス株式会社 | 【11年連続2ケタ成長】◆産育休取得率100%◆テレワーク7割実施,【転勤なし／希望エリア／Iターン／Uターンで勤務可能】 東京・愛知・大阪・北海道・広島・香川・福岡…,月給35万円〜＋諸手当（育児サポート手当、交通費全額支給、役職手当、特別作業手当) 
ラーニンギフト株式会社  | バリエーション豊かな案件あり！確かな技術で進化する成長企業,★転勤なし ★勤務地はご希望を考慮 東京都、神奈川県、千葉県、埼玉県、 大阪府、兵庫県、京都府、…,【経験1年未満の方】
Y&I Group株式会社 | 【定着率96％/前職給与保証/賞与あり/年休125日/残業月10H以下】,東京本社（永田町）もしくは都内近郊のプロジェクト先 ※転居をともなう転勤なし ※U・Iターン歓迎…,月給24万円以上＋諸手当＋賞与有　★前職給与UP保障！
株式会社Vuetech | ★最長1年間の研修★残業月0~5H★完休2日制★平均年齢25歳★,【新宿本社】 〒160-0022 東京都新宿区新宿1-19-10 サンモールクレスト 5F 【最寄…,月給20万円〜25万円＋決算賞与＋インセンティブ賞与
株式会社YSLソリューション | 創業以来28年間黒字経営☆上流工程にも携われる☆面接一回！,東京都23区内／神奈川・千葉・埼玉県内の各プロジェクト先に配属します。 ＊住宅手当あり！⇒U・Iタ…,【一般メンバー(PG/SE)クラス ※前職給与保障※】
株式会社アイビネット | 未経験歓迎／年間休日125日／社内イベント多数,【東京支社】と【大阪本社】の2拠点で採用を実施します。※U・Iターン歓迎。 【東京支社】…東京23…,月給23万円以上
オブザーブ株式会社 | 売上連続UP中の成長企業 ★エンジニアファーストの環境で活躍,東京・神奈川・千葉・埼玉の各プロジェクト先にて勤務。 ★転居を伴う転勤なし ★プロジェクトによりリ…,月給38万円以上
株式会社アクロビジョン | 《社員ファースト企業》★定着率90％ ★Web面接1回で内定！,北海道/宮城/東京/神奈川/千葉/埼玉/愛知/大阪/京都/兵庫/広島/福岡 上記から希望勤務地をお…,【経験者】
ヒューマンリレーションネクスト株式会社 | ★＜年休128日以上/土日休み/残業月10h未満＞働きやすい環境★,《転居を伴う転勤はありません！》 ■本社：東京都千代田区内神田3-16-9 松浦ビル2F ＜アクセ…,月給28万円以上（固定残業代含む）＋ 賞与（年2回）
株式会社ISS | ★設立以来12期連続黒字＆無借金経営★リモート勤務中心,★リモートワーク実施中 ◆本社（社内開発／東京都品川区西五反田）もしくは、東京23区・神奈川県（横…,月給25万円〜50万円+各種手当+賞与年2回
TMES株式会社 | 【東証一部上場グループ会社】◎年休122日◎30代前半が活躍中！,《★在宅勤務・テレワークあり（週1回）★》 転勤なし 【東京本社】 ▼住所 東京都港区芝浦4-13…,◆月給25万円〜36万円＋賞与2回＋残業手当（発生した分は全額支給）
アイコムシステック株式会社 | 東証1部企業グループ★残業月15h以下★年末年始に最大16連休OK,【自習室・ライブラリーなど環境◎】 ★転勤なし ★NEC・NTTデータグループなど大手企業が中心…,【月給】36万円以上
マックシステム株式会社 | 年間休日123日以上／賞与年2回＋決算賞与／受託開発ほか案件多数,本社およびプロジェクト先 ※プロジェクト先は23区内になります ■本社／東京都豊島区南大塚3-32…,■月給30万円〜
株式会社エスアイイー | スクール運営16年の研修★引越サポート有！先輩も上京し活躍中,首都圏のプロジェクト先 （東京23区内、三鷹、町田、西東京、武蔵野市、府中市、調布市、横浜、川崎、…,"月給23万2,000円以上（固定残業代含む）"
株式会社 羽田情報 | ★完週休2日※土日★年休133日★23区・神奈川勤務★残業10～15h,【現在はリモート勤務中心です】 ◆当社開発室（大田区）および東京23区のプロジェクト先。 ※環境設…,【開発経験2年以上の方】
株式会社 羽田情報 | ★年休133日★東京23区で腰を据えて仕事★残業10～15h★面接1回,◆東京23区のプロジェクト先。 ※環境設定やレクチャーともありますので、少なくとも入社後1週間程度…,◆ネットワーク設計・構築の実務経験が3年以上ある方
株式会社ルイーダアカデミー | ◎リモートワーク実施中◎完全週休2日（土・日）◎経験浅OK,本社または各プロジェクト先（東京都23区内のみ） ※県外転勤なし ※8割がリモート案件 ※希望の案…,月給：23万円〜50万円
アイピーエス株式会社 | 【SalesforceやAWSを学べる研修充実／大手と直取引】★土日祝休,東京、及び首都圏のクライアント先 ※希望を考慮した上、決定します。 ※転勤はありません。 【本社】…,月給23万円〜70万円
株式会社ミックウェア | 大手自動車メーカーと直取引！組込み/Web系どちらも歓迎！,【転勤なし！】 ■本社神戸・品川・名古屋・博多・新横浜・乃木坂・札幌いずれかでの勤務 ※希望勤務地…,マネーワーク職／実力に応じた収入が可能！ 
ジャパニアス株式会社 | 【創立22年黒字×AI】◆残業月平均20H◆テレワーク◆土日祝休,【自社内または全国のプロジェクト先】 ＊転居を伴う転勤なし ＊U／Iターン歓迎 ＊全国で面接実施…,月給:28万円以上＋各種手当（残業代100％支給など）＋賞与年2回
ジャパニアス株式会社 | 【AIに強み】◇日本ディープラーニング協会加盟◇残業月平均20H,品川開発センターまたは各プロジェクト先 ＊転居を伴う転勤なし ＊U／Iターン歓迎 【品川開発センタ…,月給:32万円〜60万円＋各種手当（残業代100％支給など）＋賞与年2回
株式会社YAZ | 大手直取引★福利厚生充実！テレワーク環境整備手当、退職金etc.,【WEB面接OK！／ほとんどの社員がリモート勤務！】 ◆渋谷本社・札幌支社・名古屋支社で募集！ ▼…,月給28万円以上 ＋ 各種手当 ＋ 賞与年2回
株式会社デジタルビジョン  | ★遠方からの応募OK(引っ越し費用補助有）★自社内開発あり,【会社都合の一方的な転勤なし／希望の勤務エリア確約♪】 ●引っ越し費用補助あり ●UIターン歓迎…,月給24万円以上＋手当(残業手当/交通費全額/家族手当等)＋賞与年2回
株式会社ブリッジワールドコンサルティング | Outsystems認定資格保有者在籍！業界注目のハイスキル集団,本社もしくはプロジェクト先に常駐になります。 ＜本社＞ 東京都新宿区西新宿　7丁目５番11号岡山ビ…,年俸制500万円以上
ジャパニアス株式会社 | 【創立22年黒字×AIに強み】◆転勤なし◆土日祝休◆DX推進中,【自社内または全国のプロジェクト先】 ＊転居を伴う転勤なし ＊U／Iターン歓迎 ＊全国で面接実施…,月給:28万円以上＋各種手当（残業代100％支給など）＋賞与年2回
株式会社アールピーシー | ★年休120日超★土日祝休み★残業少なめ★退職金有★在宅もあり,【転勤なし／U・Iターン歓迎】 ★渋谷駅から徒歩3分の本社★ 【本社】 東京都渋谷区渋谷2-20-…,月給21万円〜40万円＋各種手当
株式会社グリプス | 前給与保証／年収100万以上UP！充実のインセ制度＆リモートあり,◆本社、または東京都23区内のプロジェクト先 ※転勤はありません ※あなたの希望を考慮して配属先を…,◆年俸制480万円以上
株式会社ビーネックスソリューションズ | #東証一部上場グループ#年休最大125日#残業月平均14h#賞与年2回,【首都圏・関西圏・東海圏の各プロジェクト先】 ※U／Iターン歓迎 ※勤務地は希望を最大限考慮します…,"◆月給：20万5,000円以上+賞与年2回+各種手当（残業手当1分単位 100％支給など）"
株式会社KENテクノロジー | 《東証一部上場グループ》★定着率95％超/完全週休2日/残業月15h,★転勤なし ★U/Iターン歓迎 ★東京/大阪で募集！ ★勤務地は相談の上、希望を最大限考慮します。…,"月給22万2,000円〜50万円＋各種手当＋賞与"
株式会社日本ビジネスデータープロセシングセンター | ★コロナに揺るがない安定経営／ワークライフバランス◎,★転居をともなう転勤なし。 ☆愛知の当社拠点もしくは中部エリア(愛知県、岐阜県、三重県)・静岡県の…,◇月給35万円以上＋諸手当
株式会社ノベルワークス | 完全週休2日制（土日祝休み）／ 大阪府緊急雇用対策に賛同,「フルリモート勤務」「出社」選択可能！ 詳しくは、面接にてお問い合わせください。 本社：大阪府大阪…,月給27万〜54万円+諸手当+賞与
デジタルクルーズ株式会社 | フレックス＆基本リモート勤務でのびのび活躍！★20代30代活躍中,基本リモートワークです★本社は九段下から徒歩5分！ 【本社】 東京都千代田区九段北1-14-17…,年俸制600万円〜900万円＋決算賞与
株式会社IIJプロテック | 【景気に左右されず黒字成長中】★賞与年3回 ★WEB面接OK,東京23区を中心に、23区外・神奈川県と千葉県の一部エリアから、あなたの希望・適性に合わせて配属し…,◆未経験者：月給19万円〜＋残業代全額支給
アイコムシステック株式会社 | 東証1部企業グループ★残業月15h以下★年末年始に最大16連休OK,【自習室・ライブラリーなど環境◎】 ★転勤なし ★NEC・NTTデータグループなど大手企業が中心…,【月給】36万円以上
株式会社システナ | 東証一部上場・健康経営優良法人・過去5年で売上高1.7倍に成長,【転勤なし・UIターン歓迎】東京本社、神奈川・北海道・愛知・大阪・兵庫・広島・福岡の各拠点および各…,■【年俸500万円〜】+業績賞与年1回
株式会社システナ | 東証一部上場企業・健康経営優良法人・経験者採用を行います！,【転勤なし・UIターン歓迎】東京本社、神奈川・北海道・愛知・大阪・兵庫・広島・福岡の各拠点および各…,■【月給25万円〜】＋残業代全額支給＋賞与年2回
株式会社日本ビジネスデータープロセシングセンター | ★官公庁案件多数／年間休日124日／残業月平均15時間以下,★転居をともなう転勤なし。 ☆全国各地の当社拠点（東京／神奈川／愛知／大阪／兵庫／福岡）の いずれ…,◇月給30万円以上＋諸手当
株式会社コミットグロース | 【自社サービス実績あり】◆土日祝休み◆年間休日120日以上,＊---アクセス抜群！「大手町駅」より徒歩4分---＊ ☆100％自社内勤務（客先常駐はありません…,【未経験者】
株式会社コナミデジタルエンタテインメント | KONAMI／自社開発ならではの魅力あるゲームコンテンツを世界へ,東京本社・大阪スタジオ ●東京本社／東京都中央区銀座1-11-1 【アクセス】 東京メトロ有楽町線…,月給24万円以上
アットホーム株式会社 | ◆創業50年以上の安定企業◆業界のリーディングカンパニー,東京都千代田区内幸町1-3-2 内幸町東急ビル 【交通アクセス】 都営三田線「内幸町駅」徒歩2分…,月給21万円〜
株式会社システムズアプローチ | ★定着率90％★設立以来ずっと社員ファーストを貫いています！,東京都内の各プロジェクト先 ※希望を考慮の上、決定いたします ※会社都合による転勤はありません 【…,月給25万円以上＋賞与年2回＋各種手当
住友重機械工業株式会社 | ＜東証1部上場＞,【東京・千葉・愛媛いずれかにて勤務】 ※初任地はご希望に応じお選びいただけます ・東京都品川区大崎…,月給22万円以上
株式会社manebi  | 業界TOPクラス！EdTech領域で成長中のベンチャー企業！,★原則リモートワーク！ ★「神保町駅」「九段下駅」「水道橋駅」より好アクセス！ ★転勤なし ≪住所…,月給41万円〜
株式会社 ＨＡＬ | ★WEB面談応相談 ★全国応募OK ★リモートワーク可能,《リモートワーク可／会社都合による転勤は一切なし！》 ☆本人のご希望・居住地を考慮し、案件をご案内…,≪関東・関西・東海エリア≫
ソニーネットワークコミュニケーションズ株式会社,東京都品川区東品川4-12-3　品川シーサイド TSタワー 【アクセス】 『品川シーサイド駅』出口…,月給23万9000円以上
プロンプト・Ｋ株式会社 | 【 東証一部上場 ケイアイスター不動産グループ 】★Web面接OK,◇転勤なし！ ◇UIターン歓迎！ 【 東京オフィス 】 東京都品川区西五反田1丁目11番1号 アイ…,【経験者】月給24万円〜36万円 + 諸手当
株式会社日本総合研究所 | SMBCグループ,【転勤なし】 東京都品川区東五反田2-18-1　大崎フォレストビルディング または 東京都品川区北…,"月給28万4,000円〜"
株式会社日本総合研究所 | SMBCグループ,【転勤なし】 東京都品川区東五反田2-18-1　大崎フォレストビルディング または 東京都品川区北…,"月給28万4,000円〜"
株式会社日本総合研究所 | SMBCグループ,【転勤なし】 東京都品川区東五反田2-18-1　大崎フォレストビルディング または 東京都品川区北…,"月給28万4,000円〜"
ソニーグループ株式会社 | 旧社名：ソニー株式会社,東京都港区港南1-7-1,"◆修士了 月給265,000円以上"
株式会社メテオライズ | ★7期連続黒字収支 ★完全週休2日（土日祝）・育休実績あり,★転勤なし 本社：東京都千代田区外神田6-14-3 VORT末広町2 2F ＜アクセス＞ 東京メト…,年俸324万円(月額27万円)〜
株式会社セブン銀行 | 東証一部上場★「セブン＆アイグループ」の新しい業態の銀行,—★ 東京駅・大手町駅から直結！通勤しやすい好立地 ★— 本社／東京都千代田区丸の内1-6-1,"月給21万7,000円以上"
ランスタッド株式会社 |  ★完全週休2日制★年間休日121日以上★残業月10時間,《転居を伴う転勤なし♪希望を最大限考慮します》関東、東海、関西、九州エリアの各プロジェクトへ配属…, ■首都圏、北関東、東海、関西エリア
株式会社セブン銀行 | 東証一部上場★「セブン＆アイグループ」の新しい業態の銀行,—★ 東京駅・大手町駅から直結！通勤しやすい好立地 ★— 本社／東京都千代田区丸の内1-6-1,"月給21万7,000円以上"
株式会社オンテック | #大阪府緊急雇用対策に賛同#年休119日+指定有給5日=124日以上,【本社】大阪府吹田市垂水町3-20-27 ※御堂筋線「江坂」駅１番出口より徒歩約12分 ※阪急千里…,◆月給25万円〜40万円+各種手当
株式会社オンテック | #大阪府緊急雇用対策に賛同#年休119日+指定有給5日=124日以上,【本社】大阪府吹田市垂水町3-20-27 ※御堂筋線「江坂」駅１番出口より徒歩約12分 ※阪急千里…,◆月給23万円〜38万円+各種手当
株式会社Solution UIT | ＜2020年4月設立・気鋭の新会社＞★土日祝休み・年間休日125日,★転勤なし★「飯田橋駅」徒歩5分 東京都千代田区富士見1丁目7-6 飯田橋ニュー東和ビル6階 ＜交…,月給：23万〜35万円
株式会社ディンプス | ソードアート・オンライン フェイタル・バレット等制作,【転勤なし】大阪本社もしくは東京オフィス 【大阪本社】 大阪府豊中市新千里西町 1丁目1番8号 第…,■年俸制：400万円〜700万円
インプレイス株式会社 | 《Palo Alto Networks社 公式パートナー》設立から5期連続成長中,《原則本社勤務》 ★複数駅利用可でアクセス抜群！ ★転勤なし！ ★引っ越し費用補助あり！ 【本社】…,月給:30万円以上＋各種手当＋賞与（業績に応じて）
ランスタッド株式会社 | ★完全週休2日制★年間休日121日★残業月10時間,《転居を伴う転勤なし♪希望を最大限考慮します》関東、東海、関西、九州エリアの各プロジェクトへ配属…, ■首都圏、北関東、東海、関西エリア
株式会社トラストコーポレーション | IT・Webエンジニア/月給20万～/経験者月給30万～,【転勤なし / リモート勤務OK（案件による）】 東京都内または首都圏（千葉・神奈川・埼玉）の各プ…,■未経験者：月給20万円〜
株式会社Cygames | サイゲームス【サイバーエージェントグループ】,本社(東京都渋谷区南平台町16番17号 住友不動産渋谷ガーデンタワー) 【交通アクセス】 半蔵門線…,年俸　360万円〜960万円
株式会社スクウェア・エニックス,本社／東京都新宿区新宿6-27-30 新宿イーストサイドスクエア 【交通アクセス】 東京メトロ副都…,月給40万円以上
チームラボ株式会社 | 国内外で多彩なプロジェクトを実施！ウルトラテクノロジスト集団,＜小川町・新御茶ノ水・淡路町駅より徒歩1分で通勤便利！＞ 【本社】 東京都千代田区神田小川町2-1…,月給23万円以上
株式会社野村総合研究所 | （NRI）【東証一部上場】,東京・神奈川・大阪・中部のいずれかの拠点に配属します。 ※入社時の配属拠点は希望を考慮します。 【…,"博士了／月給299,500円"
ジーエムラボ株式会社 | 【自社ソフトが全国で実績多数！】地球・人類の未来を考える企業,札幌本社(札幌市)または大阪支店(大阪市北区)のいずれかにて勤務 ※原則転勤なし（希望転勤可能）…,"月給：170,000円〜600,000円"
レック・テクノロジー・コンサルティング株式会社 | 【米専門誌でも取り上げられる実力派】残業15h／年休120日以上,【転居を伴う転勤なし／ほぼフルリモート勤務】 ※勤務地は希望を考慮します！ 【勤務地】 ◆自社作業…,月給26万円以上＋諸手当＋賞与年2回
株式会社デジタリアス | ◎土日祝休み ◎残業ほぼなし ◎入社祝金15万円支給！◎服装自由,【転勤なし／遠方からのご応募歓迎！(引越し費用一部サポート)】 ※本社(渋谷)もしくはお客様先(東…,月給20万円〜43万円＋残業手当＋通勤交通費(全額)＋その他手当
株式会社relation | #自社内での受託案件拡大！#当社で働く魅力、ぜひ見てください！,【自社内での開発となります／東京・横浜・大阪・神戸で募集！】 ※希望勤務地は考慮します。 ※転居を…,◆月給23万円〜 + 諸手当 + 賞与(年2回)
株式会社野村総合研究所 | （NRI）【東証一部上場】,東京・神奈川・大阪・中部のいずれかの拠点に配属します。 ※入社時の配属拠点は希望を考慮します。 【…,"博士了／月給299,500円"
株式会社クロスパワー | Amazonに選ばれる技術力◆完全週休2日(土・日)◆20～30代活躍中,各プロジェクト先での勤務になります。 【本社】 東京都千代田区神田佐久間町1-9 ＜交通アクセス＞…,＜監視の経験がある方＞
株式会社サイバー・コミュニケーションズ | 【cyber communications inc.】＜電通グループ＞,東京本社（東京都中央区築地1-13-1「築地松竹ビル」） ※株式会社DataCurrentに出向…,"月給300,000円〜400,000円"
株式会社トゥルーエンジニアリングサービス | ◆残業代1分単位で支給◆20代活躍中◆面接1回◆クリアな評価基準,【東京都内又は近県のプロジェクト先】または【本社】勤務 ※転居を伴う転勤はありません。 ※勤務地は…,【未経験者】
富士ソフト株式会社 | 東証一部上場 ◆完全週休2日！柔軟な働き方もOK！,【U・Iターン歓迎！】 首都圏、札幌、東海、中部、関西、中国、九州、沖縄地区の全国各地の当社事業所…,"月給231,000円〜350,000円"
伊藤忠テクノソリューションズ株式会社 |  (CTC),東京、愛知、大阪,"月給230,000円以上"
株式会社一休 | 高級ホテル・旅館、レストランの予約サイト『一休.com』を展開,【「赤坂見附駅」徒歩5分のキレイなオフィスで活躍】 ※転勤ナシ ◆本社 東京都港区赤坂3-3-3…,【月給】29万4447円〜71万9065円
株式会社 NTTデータ,■豊洲（本社） 東京都江東区豊洲3-3-3 豊洲センタービル ※プロジェクトにより異なります(首都…,"■月給21万6,260円以上"
株式会社北見コンピューター・ビジネス | 【大手企業案件多数！】★年休120日以上／残業平均10h以下,【北見本社・札幌支店・東京営業所にて同時募集！】 ＜北見本社＞ 北海道北見市北2条西3丁目6番地…,"月給 185,500円〜314,400円 + 各種手当"
伊藤忠テクノソリューションズ株式会社 | (CTC),東京、愛知、大阪、札幌,"月給230,000円以上"
TDK株式会社 | 連結売上高1兆円超の東証1部上場企業◆5期連続過去最高売上高,●千葉県・大阪府のいずれかに配属。 テクニカルセンター／千葉県市川市東大和田2-15-7 大阪営業…,"■月給240,000円〜600,000円"
GMOインターネット株式会社 | 【東証一部上場】★無料のカフェ＆バー・社内託児所など完備,【転勤なし】★JR「小倉駅」徒歩3分 ＜北九州オフィス＞ 福岡県北九州市小倉北区米町1丁目1-21…,【月給】26万円〜50万円
富士ソフト株式会社 | 東証一部上場 ◆完全週休2日！柔軟な働き方もOK！,【U・Iターン歓迎！】 首都圏、札幌、東海、中部、関西、中国、九州地区の全国各地の当社事業所 ↓具…,"月給23万1,000円以上"
株式会社 NTTデータ,■豊洲（本社） 東京都江東区豊洲3-3-3 豊洲センタービル,"■月給21万6,260円以上"
富士ソフト株式会社 | 東証一部上場 ◆完全週休2日！柔軟な働き方もOK！,【U・Iターン歓迎！】 首都圏、札幌、東海、中部、関西、中国、九州地区の全国各地の当社事業所 ↓具…,"月給231,000円〜350,000円"
株式会社ProVision | ＊東証一部上場のシステナグループ＊年間休日126日＊残業20h以下,神奈川県横浜市西区みなとみらい2-2-1 横浜ランドマークタワー40F,＜一般職＞
HRNAVI JOINT STOCK COMPANY | ベトナムでの転職に特化した人材紹介会社です！,ベトナム ホーチミン,"月給：2,500USD〜3,500USD　(1USD＝109.31円/2021年3月26日現在) "
"株式会社ヒップ | 【JASDAQ上場】トヨタ自動車,ソニー等大手と取引実績/転勤なし",本社／神奈川県横浜市西区楠町8-8,"月給314,000円〜418,400円"
日本システムハウス株式会社 | ★定着率90％★完全週休2日★土日祝休み★20～30代活躍中★,東京支社(東京都港区)または本社(茨城県日立市)、東京都・神奈川・千葉・茨城のプロジェクト先 【東…,月給25万〜45万円＋各種手当
株式会社ディスコ  | 東証一部上場◆「働きがいのある会社ランキング」に13年連続選出,東京本社／東京都大田区大森北 2丁目13番11号 ※原則転勤はありません,月給35万円〜50万円
株式会社アイシーイノベーション | ★土日祝休み ★特別手当年3回 ★残業平均月10h,★転居を伴う転勤なし 東京都内（主に23区内）のプロジェクト先に勤務していただきます。 勤務地の希…,"月給250,000円〜390,000円"
株式会社創源 | 創業30年の独立系SIer★「健康経営優良法人」認定/土日祝休,★転勤なし！ ★リモートも対応中 ★馬喰町・秋葉原など5駅からアクセス可能な好立地！ 【神田営業所…,■課長（PM候補）：月給32万円以上
株式会社ネクストヴィジョン | ◆大手勤務のチャンス有◆豊富な案件あり◆経験を活かして働ける,【本社】東京都新宿区西新宿7-6-2　宇津宮ビル3F 【プロジェクト先】東京23区、神奈川県、千葉…,【経験者】
AppTime株式会社 | 大阪府緊急雇用対策に賛同｜TVやSNSで話題のサービスを多数開発,本社(大阪)または近畿圏内のプロジェクト先 ※勤務先は希望を考慮します 【本社】 大阪府大阪市淀川…,月給28万円〜40万円＋賞与年2回（業績連動/昨年度実績4ヵ月分）
"i-enter Asia Co., Ltd.  | 日系企業向けラボ型開発、オフショア開発事業を展開！","ベトナム　ハノイ 9th Floor, Indochina Plaza Hanoi Tower,…","月給：2,500USD〜3,500USD　(1USD＝109.31円/2021年3月26日現在) "
株式会社ロジック | 12期連続増収増益！利益は社員に還元 ★未経験スタート者多数,官公庁や一部上場企業など、東京都・神奈川県横浜市の各プロジェクト先 ※転勤なし 【本社】 東京都千…,"月給220,000円〜360,000円"
株式会社システムフリージア | ★秋葉原駅前！バーカウンターのある新オフィス★残業月平均4.7h,秋葉原本社または新宿、六本木、品川、新橋、大手町、飯田橋、豊洲 ほか （都内近郊を中心とした首都圏…,月給：25万円以上
株式会社ウイングノア | 【新規設立の新鋭IT企業】マイナビ初掲載★面接1回！面接保証有,【各拠点で積極採用】 各拠点で採用予定です。また、拠点に近い都道府県エリアでの就業も可能です。勤務…,月給30万円以上＋各種手当（住宅手当、家賃補助手当、通勤手当、家族手当、時間外・休日労働手当、資格手…
株式会社創源 | 官公庁案件も手掛ける独立系SIer★残業月20H／土日祝休み,★転勤なし！ ★リモートワーク（在宅ワーク）＆フレックス勤務も可能！ ★馬喰町駅など５駅使える好立…,月給24万〜30万円以上＋残業代全額支給
フォーザウィン株式会社 | 納得の環境と待遇を/上流工程から携わる/残業ほぼなし/年休125日,【転勤なし／希望を考慮】東京本社・渋谷支店・大阪支店・名古屋支店・群馬支店、または各プロジェクト先…,月給28万円〜
株式会社SVC | ゲーム攻略アプリなど、多数のエンタメ系コンテンツを手掛ける！,【転勤なし・社内開発・リモートのみ】 東京都品川区西五反田7-13-6 SDI五反田ビル7階 ※「…,月給24万円以上
ヤフー株式会社 | 日本最大級のユーザー数を誇る「Yahoo! JAPAN」,【紀尾井町オフィス】 東京都千代田区紀尾井町1-3 東京ガーデンテラス紀尾井町 【大阪グランフロン…,月給：28万円〜57万円
株式会社ブレイン・ゲート | 転勤なし／年間休日125日／原則定時退社／福利厚生が充実,福岡県福岡市中央区舞鶴1-5-6 SKビル 6F 【アクセス】 地下鉄空港線『赤坂駅』より徒歩10…,月給27万円〜 ＋ 諸手当
株式会社キーワードジャパン | 【健康優良企業認定】創業から30年間、無借金の黒字経営継続中,東京都内及び近郊(神奈川・埼玉・千葉) ※勤務先に準ずる。プロジェクトにより異なります。 [埼玉県…,月給30万円〜+ 賞与年2回
アマゾン ジャパン合同会社 | 世界的グローバル企業／年間休日120日以上／福利厚生充実,東京・埼玉・千葉・神奈川・京都・大阪・兵庫の各拠点（希望考慮） ・川崎FC（神奈川県川崎市） ・小…,年俸400万円〜850万円
株式会社エクストリーム  | ゲーム会社などエンターテイメント系企業多数！,本社/東京都豊島区西池袋1丁目11-1メトロポリタンプラザビル21Ｆ,月給20万円〜37万円 + 賞与年2回
アビームコンサルティング株式会社,東京　※プロジェクトによりその他全国、海外あり,"月給340,300円＋賞与年2回"
日本獅龍株式会社 | ★リモートワーク率8割 ★WEB面接可能 ★時差出勤OK ★完休2日,東京都内のプロジェクト先にて勤務いただきます。 ☆基本的に転勤はございません ☆リモートワーク実施…,月給35万円〜50万円
ヤフー株式会社 | 日本最大級のユーザー数を誇る「Yahoo! JAPAN」,【東京本社（ワイジェイカード株式会社）】 東京都千代田区紀尾井町1-3 東京ガーデンテラス紀尾井町…,月給：28万円〜57万円
株式会社メディエイド | 『ヘルスケア×DX』で日本のヘルスケアを変えるベンチャー企業！,★転勤なし ★リモートワーク可！ ★神田駅徒歩すぐ！ 【本社】 東京都千代田区内神田3-2-1 喜…,年俸制500万円〜750万円
株式会社ユニゾンベックス | 【自社内開発】プロ野球球団・有名SNSなど案件豊富★残業1日1h程,【転勤なし／「恵比寿駅」より徒歩3分／U・Iターンも歓迎！】 ◆本社／東京都渋谷区恵比寿西1-9-…,月給28万円以上
TM人事労務コンサルティング株式会社 | 広島オフィスが開設！オープニングメンバーとして受け入れます！,〒730-0041 広島県広島市中区小町3-25　三共広島ビル４階,"◆月給: 230,000円〜350,000円"
株式会社アパートナー | 全国19拠点「アパマンショップ」「アパートナー」店舗を展開,【本社】 東京都目黒区上目黒1-16-11 ※コロナウイルスによる自粛期間中は リモートワークが中…,月給30万円以上＋賞与＋各種手当
株式会社ARS | ★完全週休2日制 × 年休120日以上／残業月20H！／服装自由,≪ 福岡・熊本・鹿児島・東京・沖縄 ≫ いずれか希望の勤務地へ配属します ・福岡／ 福岡県福岡市博…,月給18万円〜35万円 ＋ 残業代
サン・エム・システム株式会社 | 《前年度より売上115％アップ！》完全土日祝休み／年間休日127日,自社オフィス(大阪支店)orプロジェクト先(大阪・兵庫・京都) ★案件によって完全テレワークもあり…,月給25万円〜 + 諸手当 + 賞与（年2回）
株式会社GoingN | ◆フルリモートOK◆月給50万円以上も可◆年齢不問◆WEB面談実施,【東京本社・大阪営業所・都内および大阪府内のクライアント先】 ※希望を考慮し決定します。 ※転勤は…,月給:29万円〜50万円＋各種手当＋業績賞与
日本システム技術株式会社 | 【東証一部上場×独立系SIer】★3/20(土)転職フェア ONLINE出展,【転勤なし】 ★健康経営優良法人2021認定 ★残業月15h以下 ★リモートワーク有 ★品川駅直結…,【月給25.2万円以上】
株式会社ビースカイネット | ◆自社開発のマーケティングシステムあり◆フレックス制,東京都内23区の各プロジェクト先、または本社での勤務 ◎転居を伴う転勤なし 【本社】 東京都千代田…,【年俸制】420万円〜700万円
株式会社フォーサイト | 【コロナ禍の需要増加で2020年売上げ昨対比130％以上達成】,【転勤なし！本郷三丁目などから近く通勤ラクラク！】 東京都文京区本郷6-16-2 フォーサイトビル…,月給24.5万円〜40万円＋諸手当＋賞与年2回
株式会社Def tribe | 自社内開発、クライアントからの直請プロジェクトが豊富,本社（大阪市中央区）または、大阪・京都・兵庫にあるプロジェクト先に配属となります。 希望を最大限に…,年俸400万円〜700万円+各種手当
株式会社アットマーク・ソリューション | ただのエンジニアではない、ITコンサルもできる本物のエンジニア,・本社 大阪府大阪市中央区安堂寺町2-1-10　ベルテ谷町2F 《アクセス》 Osaka Metr…,月給30万円〜 + 賞与2回
スプリングエイトサービス株式会社 | 正社員採用／最先端の研究施設で、未来のための研究を支える！,基本的に兵庫県の【SPring-8】【SACLA】での勤務となります。 ☆転勤はありません ☆マイ…,"【院卒】月給／20万9,800円以上"
株式会社クオンテックス | 大阪府緊急雇用対策に賛同 ／ 19～50代の採用実績／リモート継続,◆大阪本社・京都・神戸・名古屋・福岡・東京いずれかの各拠点、または各地域におけるプロジェクト先での…,◆月給25万円〜50万円
株式会社CRUD nop | ECサイト/動画配信/ゲーム等のWebシステムを手掛ける成長企業,本社、またはクライアント先（東京23区など） 本社／東京都新宿区西新宿3-5-3 西新宿ダイヤモン…,月給25万円〜70万円＋賞与年2回
株式会社ロビンソン | 20代の9割がITエンジニア未経験！2年目にはリーダー候補に成長！,本社／東京都世田谷区三宿1-13-1　東映三宿ビル　4階 または東京23区内のお客様先（チーム単位…,【ITエンジニア経験者（3年以上）】
株式会社バリュープランニング | 今年17期目を迎えるIT企業／多くのPMOを育成し輩出しています！,◆本社および東京23区を中心とする1都3県のプロジェクト先。 ※転居を伴う転勤はありません。 【本…,月給33万円〜50万円＋賞与年2回＋諸手当
株式会社ライズサービス | 「注目の西日本ベンチャー100」に選出／月給40万円超も目指せる,【大阪本社 または 大阪市内の各プロジェクト先】 ※転居を伴う転勤はありません ※希望を考慮した上…,◆月給30万円〜＋インセンティブ制度
"Reeraceon Vietnam Co.,ltd",ベトナム・ホーチミン,月給：2000-3500 USD
TSRソリューションズ株式会社 | 設立以来12期連続黒字経営！20～40代活躍中◎スキルUP可能★,★転居を伴う転勤なし 【本社】 東京都新宿区高田馬場三丁目23番3号 ORビル3階、4階 ⇒各線「…,リーダー：月給35万円〜60万円+各種手当
TSRソリューションズ株式会社 | 設立以来11期連続黒字経営！20～40代活躍中◎自社内開発,★転居を伴う転勤なし 【本社】 東京都新宿区高田馬場三丁目23番3号 ORビル3階、4階 ⇒各線「…,メンバー：月給25万円〜35万円+各種手当
株式会社マリノ | 《25年連続黒字経営》☆残業時間20％削減／有給取得率70％以上！,本社および東京都内・神奈川県内などのプロジェクト先 ※転居を伴う転勤はありません。 ＜本社＞ 横浜…,月給24万円〜34万円 + 賞与年2回 + 決算賞与(業績による) ＋ 諸手当
セブントゥーファイブ株式会社 | 東証一部上場「エア・ウォーターグループ」★売上昨対比300％増,★転勤なし／昨年増床移転！「東新宿駅」徒歩2分の新オフィス★ 本社／東京都新宿区大久保1-1-10…,【1】経験者
株式会社earth＆one architect | ＜新規立上げ企業！＞グループ親会社の安定した基盤あり◎,【転勤なし】自社または首都圏各地 (東京都・神奈川県・千葉県・埼玉県など)のプロジェクト先になりま…,月給25万円〜70万円＋賞与年2回
ONE DROP INVESTMENT株式会社 | 不動産のクラウドファンディング事業始動/残業基本0/土日祝休,本社／東京都港区六本木1-6-1　泉ガーデンタワー37F ※転勤はありません。 ＜アクセス＞ 東京…,月給25万円〜　　
株式会社スロウアイランズ | ★直取引あり！在宅ワークを導入中★有給1H～取得可,【転居を伴う転勤なし】 東京都港区赤坂2-14-11 天翔赤坂ビル508 ＜アクセス＞ 各線「赤坂…,月給25.6万円〜47万円
ForeVision株式会社 | ★完全週休2日(土日)★年間休日124日★在宅勤務推奨★フレックス,★転勤なし 東京都中央区築地 5-6-10 浜離宮パークサイドプレイス 15階 ＜アクセス＞ 都営…,【月給】42万5000円〜
株式会社日本アムスコ | 大手の開発プロジェクトにCAE解析で貢献／残業月20h程度と少なめ,＜神戸本社及び、名古屋、東京、広島のいずれかの事業所＞ ※ご希望を考慮します、お気軽にご相談くださ…,"◆大卒：月給20万2,000円〜"
イーテック・ジャパン株式会社 | 東証一部上場・日本空調サービス100％出資◆大手/官公庁と直取引,◎転勤なし ◎潮見駅より徒歩2分の好立地！ 【本社】 東京都江東区潮見2-1-7 〈アクセス〉 J…,"月給18万4,000円〜＋賞与(昨年度4.5ヶ月分) ＋時間外手当(全額)"
株式会社ITAGE GLOBAL | 今の時代に合わせた働き方で、スキルUPも家庭との両立も可能,【 名古屋本社にて勤務(栄駅より徒歩3分) 】 ★転勤なし・Web面接可 【 本社 】 愛知県名古…,【 月給25万円〜40万円＋諸手当 】
デキュリオン株式会社 | 土日休み／年休125日＋有給／研修、退職金、お祝い金、など充実,【本社】 東京都千代田区内神田1-9-8蔵町ビル2F 【アクセス】 「神田」駅西口より徒歩5分 「…,年俸制 350万円〜 ＋諸手当
株式会社アイドマ・ホールディングス | ★「第二創成期」を支えるスタートアップメンバー★業界未経験OK,【転勤なし・交通費手当（月2万円まで）】 ★「池袋駅」徒歩5分 ■東京本社／東京都豊島区南池袋2-…,■月給25万円〜
Trilium株式会社 | 土日祝休み・年休130日以上・残業月10H以内・在宅勤務/副業OK,★転勤なし ★希望や住まいも考慮して勤務先を決定します 【本社】 東京都千代田区神田和泉町1-13…,月給／35万円〜70万円
株式会社i-NOS | ★東証一部上場グループ　★実働7.5h＋残業月13h,【UIターン歓迎／WEB面接もOK／面接基本1回】 首都圏（東京都、千葉県、埼玉県、神奈川県）のプ…,月給24万円以上＋残業代全額支給＋技能手当＋賞与年2回
株式会社オートテクニックジャパン | ホンダの研究開発をサポート！◎前年度賞与実績5.3か月分,栃木県芳賀郡の本社地区での勤務となります。 ※マイカー通勤OK！ ※独身者向けの借り上げ社宅制度あ…,月給19万400円〜＋各種手当＋賞与年2回(2020年度実績5.3か月分)
株式会社日立ハイテクフィールディング | 世界の最先端を牽引する日立ハイテクノロジーズGrの中核企業,◆本社 東京都港区虎ノ門一丁目17番1号 虎ノ門ヒルズ ビジネスタワー 《アクセス》 ・JR「新橋…,"◆高卒：月給166,300円"
浜松ホトニクス株式会社 | 【東証一部上場】ホワイト500認定企業／定着率99.2％／年休121日,【転勤なし】【マイカー通勤OK】 常光製作所／静岡県浜松市東区常光町812,月給21万円以上
株式会社LIC | 中途入社の定着率が自慢／20・30代活躍中／転職準備金制度あり！,【転勤なし】 北海道札幌市中央区南3条西10丁目 南三条スクエアビル ※地下鉄東西線「西11丁目駅…,"月給：250,000円〜410,000円（一律支給手当込み）"
日本アクセス株式会社 | ★テレワーク実施中 ★U&Iターン歓迎 ★転勤なし ,【テレワーク実施中】【転勤なし】 名古屋事業所および近隣のクライアント（直行直帰） U&Iターン歓…,【経験者】
株式会社アレグロマジック | 【安定基盤のソウテングループ】※大阪府緊急雇用対策に賛同,大阪本社／ 大阪府大阪市中央区南久宝寺町2-6-7 SOUTENビル 4F 【交通アクセス】 地下…,月給40万円以上＋諸手当＋賞与年2回
株式会社日立システムズ | <人とITの力で、驚きと感動のサービスを>,《アクセス》 JR「大崎駅」徒歩3分 本社／東京都品川区大崎1-2-1　大崎フロントタワー,月給23万4500円以上
トール株式会社 | 技術もビジネススキルも習得！★平均年齢28歳★未経験大歓迎,《渋谷本社》もしくは《東京都内の各プロジェクト先》 ※入社から5ヶ月は本社で研修を行ないます。 ※…,月給23万円以上＋各種手当＋賞与年2回
株式会社フェニシス  | バンダイナムコグループなど、大手エンタメ系企業と直接取引あり,★転勤なし★3路線より通勤が出来ます 本社／東京都中央区東日本橋3-3-15 マウンテンビル4階…,月給26万円〜40万円
株式会社ブリッジ | ★服装自由 ★土日祝休み ★年休120日以上 ★残業月25ｈ以内,今年2月に増床移転！市ヶ谷駅そばの新オフィスで勤務していただきます。 【所在地】 東京都千代田区九…,◆月給28万円〜43万円
株式会社T2Lab | ◆客先常駐ゼロ ◆リモートあり ◆土日祝休み ◆有給取得率100%,★初台駅より徒歩5分／新宿駅も徒歩圏内！ ★転勤なし！ 〈西新宿オフィス〉 東京都新宿区西新宿3-…,"〈月給〉250,000円 〜 420,000円"
株式会社トゥインクル,《東京都、神奈川県、埼玉県、千葉県》 などの各プロジェクト先での勤務となります。 ※勤務地は希望を…,月給35〜60万円
株式会社吉田東光 | [太平洋セメントの特約代理店] ◆WEB面接OK！ ◆土日の隔週休2日,【本社】埼玉県さいたま市中央区下落合6-4-5 ※各営業所への外出の機会あり。基本的に電車での移動…,【月給】25万円以上
株式会社gumi | 全世界1000万ダウンロード超「誰ガ為のアルケミスト」を手がける,【都庁前駅より徒歩8分◆本社勤務】 東京都新宿区西新宿4-34-7　住友不動産西新宿ビル5号館3階…,"【月給】333,334円〜583,334円"
アラクサラネットワークス株式会社,★原則として転勤はありません。本社(川崎市)勤務 【本社】 神奈川県川崎市幸区鹿島田1丁目1番2号…,月給23万円以上
株式会社B・P・S | 【大阪府緊急雇用対策に賛同】成長を遂げる実力派企業,勤務地は、ご希望をお伺いして配属します。 ■東京オフィス／東京都豊島区東池袋3-2-3　第一主田ビ…,■経験者／月給27万円〜50万円
有限会社グリーンフラグ | 10時出社／ゲーム案件・リモート案件あり／自社商品も開発予定,■本社／東京都品川区西五反田6-24-15 Y.BLDG4F・8F ＜各プロジェクト先＞ ■品川、…,年俸制400万円以上（14分割）
株式会社コネクテッド | 自社開発100％｜直取引案件｜下流～上流まで幅広く携われます,【リモートワーク勤務！】【転勤なし】【直行・直帰可】 ※ノートPC(リモート用ツール導入済)と社用…,月給25万円〜50万円＋決算賞与(業績により支給)
株式会社Point | 今の仕事や働き方、満足してますか？<リモート勤務OK／残業ナシ>, ＼＼地下鉄駅チカ・引越し費用補助／／ 北海道札幌市中央区南1条東3丁目10-6 TAISEIビル…,"月給／240,000円〜375,000円(残業代含めず)"
オーディー株式会社 | ◎応募条件に合う方は基本会います！ ◎土日休み ◎残業少なめ,港区または江東区の拠点で活躍。 ※希望を考慮のうえ決定します。 【本社】 東京都港区西新橋2-22…,月給：20万円〜31万円 ＋ 各種手当
株式会社ソフトハート | 創業30年超の老舗SIer／有給取得日数：年平均12.3日,【転居を伴う転勤なし！本社、東京営業所もしくは東京・大阪・兵庫・京都の各プロジェクト先】 ※配属先…,月給25万円〜＋各種手当+賞与年3回（昨年：平均4.5ヶ月分）
株式会社カイエンシステム開発 | 創業30年／顧客管理・営業支援システムのはじめてをサポート,【転勤なし！在宅ワーク実施中！】 東京都渋谷区幡ヶ谷2-27-7　ワコーレ幡ヶ谷ビル5階,月給29.2万円〜45万円
株式会社エフィックラボ | 未経験でも月給24万円以上／自社パッケージソフト「Simpflex」,【転勤なし／勤務地は選択可能】 福岡市博多区、または筑紫野市いずれかの拠点へ配属 福岡県福岡市博多…,未経験：月給24万円〜(一律手当含む）＋諸手当
マース・アンド・コー・コンサルティング・ジャパン有限会社 | 欧米・アジアに7つのオフィス／戦略コンサルティング・ファーム,東京都千代田区麹町1-7-25 フェルテ麹町ビル6F ※転勤なし ※プロジェクトに応じて、海外およ…,年棒制／年棒500万円〜
株式会社フォーラム・サイエンス | ☆直近1年の定着率98％以上！エンジニアが笑顔で働ける環境☆,【転勤はありません！】 本社またはプロジェクト先（東京・神奈川・千葉・埼玉） ◆本社／東京都豊島区…,【未経験者】
株式会社カーネルジャパン | ◆土日祝休み(年間休日125日)◆面接1回(即内定可)◆20代活躍中♪,【転居を伴う転勤なし】 ◆東京または首都圏(千葉/神奈川/埼玉)の各プロジェクト先 ◎新宿オフィス…,月給18万円〜80万円 + 成果給 + 各種手当
株式会社ヴェス | 市場規模は約5兆円◎累計1万件超の実績【第三者検証の専門企業】,◆東京本社及び東京都、神奈川、岩手の各プロジェクト先 【東京本社】 東京都新宿区四谷2-11-6　…,◆未経験者：月給21万円以上＋賞与年2回 
株式会社クラウディオプログレス | 完全週休2日制・土日祝休み・年休120日以上・フレックスタイム制,★転勤なし！ ★自分の好きな街で働きたい方やU・Iターンも特に歓迎します！ ★在宅勤務となりますの…,月給／30万円〜
ZACソリューション株式会社 | ◆ビッグデータを戦略的に活用するのに必要な「BIツール」を扱う,首都圏近郊（東京、神奈川）、九州（福岡、熊本）のプロジェクト先 ※勤務地はご希望を考慮します。 【…,【未経験者】月給23万円〜
医療法人福岡桜十字 | 【売上520億円超の桜十字グループ】★福岡採用★基本残業なし,【転勤なし】 ★最寄駅から徒歩1分 ★「渡辺通駅」「天神南駅」「西鉄福岡(天神)駅」「天神駅」の4…,【月給25万円以上】
ユニバーサルナレッジ株式会社 | ★フルリモート・定時出勤なし★年間休日123日（土日祝休み）,＼フルリモートのため、日本全国どこからでも勤務可能／ ★転勤なし ★通信費やPC機器の補助制度あり…,年俸450万円〜600万円（14分割した金額を毎月支給／月額32.1万円〜42.8万円）
株式会社インコス | 創業30周年を迎え更なる飛躍を目指して増員募集！,＜転居を伴う転勤はありません/テレワーク導入中！＞ ◆本社 東京都新宿区西新宿7-21-1新宿ロイ…,月給23万〜55万円
株式会社日立ソリューションズ | 「創業110年の日立グループ」世の中を便利に、楽しくする会社,＜横浜事業所＞ 横浜市戸塚区吉田町292 ＜アクセス＞ 各線「戸塚駅」より徒歩8分,月給：23万円〜＋各種手当
上海中和軟件有限公司 | (上海中和株式会社)◆大手直取引◆日中合弁企業として1991年設立,★転勤なし ★U・Iターン歓迎 ★テレワーク実施中 ◆全国(東京23区、神奈川県横浜市、愛知県名古…,年俸：540万円〜1200万円
株式会社ライズテック | 【2006年設立の独立系SIer】残業月12h程度／最大9連休取得可能,《在宅勤務実施中！》本社またはプロジェクト先(東京都内中心)での勤務となります。 ◆本社／東京都中…,月給30万円〜45万円
株式会社メビウス | 企業・大学と直取引で受託のみ ＆ 家賃最大60％補助など手当充実,《居住地・希望を考慮》 東京(品川)または、京都(堀川通三条下ル西側)の事業所に配属します。 ………,■月給24万円〜45万円
株式会社サンワ | 2020年過去最高収益★今も成長を続けるオリジナルグッズメーカー,埼玉県戸田市新曽2002-12　市ヶ谷ビル JR埼京線「北戸田」駅より徒歩1分,初年度年俸制400万円〜650万円 ※年次昇給あり
株式会社クオリア・リンクス | ＜案件豊富＞エンジニアファーストの体現を目指すベンチャー企業,★転勤なし★新オフィスに移転！ 本社／東京都中央区築地2丁目1番16号　STRADA GINZA…,月給50万円以上＋諸手当（交通費全額支給、資格手当、報酬金制度など）
フューチャーネット株式会社 | ◎高い社員定着率 ◎充実の研修 ◎残業ほぼゼロ ◎若手活躍中,◆◆ 転勤なし・福岡市内限定勤務の募集 ◆◆ ＜＜ UIターン者も大歓迎です！ ＞＞ 福岡市内にあ…,"月給180,000円〜220,000円 + 諸手当"
有限会社セラリンク | AIなど最先端の開発現場でも実績あり／大阪府緊急雇用対策に賛同,※原則、100%リモートワークです。 ※プロジェクトの所在地は大阪市内を中心に、関西圏全域に渡りま…,■未経験者
株式会社サイエンスインパクト | 大学の研究室発！（宇宙線ラジオグラフィー研究・情報技術）,【全国どこでも勤務可能】100％テレワーク ▼利用可能なオフィス 長野県塩尻市大門八番町1-2 塩…,月給19万円以上
株式会社エアスポット | AIやドローンを活用した自社サービスの開発にも取り組んでいます,【転勤なし】 福岡市内の各プロジェクト先へ配属します（直行直帰） ◆本社 福岡県福岡市中央区薬院3…,月給／24万円以上　＋諸手当
ソリッドシード株式会社 | 遠方からの入社実績も多数！入社準備金上限7万円で引越支援あり,【転勤なし／U・Iターン歓迎！】 本社／東京都港区南青山5-4-27 Barbizon104 3階…,月給25万円以上＋賞与年2回
トライアロー株式会社 | フルリモート、在宅勤務、出社・在宅併用…など働き方が色々！,【 通勤可能範囲/転勤なし 】 名古屋市内、三河エリア(刈谷、豊田、岡崎、安城)、三重、岐阜 、静…,【 月給28万円以上＋残業手当＋その他手当 】
アルテンジャパン株式会社 | 世界2位のエンジニアリングサービス!【ALTEN GROUP】の日本法人,東京・名古屋・宇都宮・福岡・仙台 ※希望のエリアで就業可能です。 ◆東京本社／東京都港区芝浦三丁目…,月給27万円〜55万円
株式会社グッドネス | 在宅案件増加＊年間休日120日以上＊大阪府緊急雇用対策に賛同,【転勤なし／U・Iターン歓迎！】 大阪本社、松山支社、またはプロジェクト先（大阪府内を中心とした関…,月給23万円〜50万円+諸手当※賞与年2回
株式会社NID東北 | JASDAQ上場企業 (株)エヌアイデイ 100%出資子会社 ☆転勤なし,【仙台市の各プロジェクト先での勤務となります】 《プロジェクト先》 仙台市内のお客様です。 《本社…,"月給：212,550円~376,300円＋諸手当 他、資格祝金など一時金あり 賞与4.2ヶ月(2020年度実績)"
株式会社アルファネット | 【東証一部上場「大塚商会」グループ】★11期連続増収増益★,大阪市内を中心とした大阪・京都・兵庫のプロジェクト先 ※勤務先は、希望を考慮して決定します。 ※自…,月給23万8000円〜40万円＋各種手当＋残業代全額支給＋賞与（昨年4.5カ月分支給＋決算賞与）
株式会社エルピオ | 地元で50年以上の歴史を持つ【総合エネルギー企業】,本社/千葉県市川市曽谷1-30-18 ◎転勤はありません ◎I/Uターン歓迎 ◎マイカー通勤OK（…,【月給】
株式会社プロト | 世界に広がる業界のリーディングカンパニー,＜ 転勤なし＊マイカー通勤OK＊UIターン歓迎 ＞ ▽本社 愛知県刈谷市井ヶ谷町桜島5番地 《通勤…,月給25万円以上 ＋ 賞与年2回 ＋ 諸手当
株式会社ソフトギア | ★任天堂、バンダイナムコ、SQUARE ENIX等との取引実績多数！,【転勤なし・IUターン歓迎】 ■本社／東京都新宿区新宿1-28-11　小杉ビル7F ＜アクセス＞…,"■月給339,500円〜 619,900円＋別途手当有"
芝情報株式会社 | 東京23区(人気エリア)に社宅あり*土日祝休み*Skype面接も可能！,【転勤なし／U・Iターン歓迎！】★都内の大手企業案件多数！ ＜本社＞ 東京都港区海岸2−1−24N…,月給21万円〜40万円＋各種手当
株式会社ビジネステック | 年間休日数123日／土日祝日休み／育児休暇取得・復帰実績あり,本社、もしくは茨城県内の各プロジェクト先 【本社住所】 茨城県ひたちなか市高場1丁目2番地25 ※…,月給24万円〜35万円（各種一律手当含む）
株式会社NAACS | ★お休みも柔軟に対応可！まるでフリーランスのように働ける会社,【転居を伴う転勤はありません／テレワーク導入中！】 ◆本社 東京都港区浜松町2-2-15　浜松町ダ…,月給24万3281円〜50万円
インタアクト株式会社 | ◆大手クライアントとの取引で安定性バツグン！◆充実の研修制度,東京都文京区小石川2-1-12 小石川トーセイビル5F（本社） または当社クライアント先（品川、豊…,月給23万円〜40万円
マイプリント株式会社 | 業界トップクラスメーカー完週休2日年休120日～残業月平均20h程,【転勤なし】社員食堂400円〜充実ランチ♪テラス席・カフェテリアあり♪ 本社/東京都多摩市永山6-…,月給：35万円〜＋交通費
株式会社アスタース | U・Iターンの社員多数！←遠方の方はWEB面接やWEB会社説明会も可,【マイカー通勤OK！転勤なし！】 石川県金沢市窪5-633 伏見台ビル1F -----------…,◆月給：25万円〜40万円
SATT九州株式会社 | 「駿台予備学校」運営の駿台グループ★業界のリーディング企業,◆転勤なし ◆マイカー通勤OK ◆UIターン歓迎 □宮崎県宮崎市広島1-18-12 宮崎フコク生命…,月給20万円〜30万円 +諸手当
株式会社ジーナス | 大手自動車メーカー等の案件に携われる！★月収30万円以上も可,★転勤なし／UIターン歓迎／神宮前駅より徒歩2分 愛知県名古屋市熱田区三本松町13-19 ホワイト…,月給18万円〜
株式会社フェロースタイル | Web予約・IoT開閉など自社サービス展開/残業1日1h程度/土日祝休,【本社】 東京都新宿区西新宿7-17-7 廣田ビル2F ＜交通アクセス＞ 各線「新宿駅」西口より徒…,＜未経験者＞
株式会社リードウェイ | 幅広いシステム開発◆「AI」などの最新技術や「自社内開発」も！,【本社（自社内開発）】or【プロジェクト先】 ★勤務地は希望を最大限考慮！ ★転勤はありません！…,【経験者】
株式会社高木製作所 | 創業131年/トヨタ自動車と直取引/年間休日121日/働き方改革推進,岡崎工場 愛知県岡崎市牧平町字岩田3-41 ◆転勤なし/U・Iターン歓迎 ◆マイカー通勤可,月給20万円以上
株式会社ベネス | 環境充実！【在宅勤務／年間休日125日／完全週休2日】,★リモートワーク！『おうちで開発』しましょう★ 働き方についてご相談ください！ WEB面接により、…,【月給】
学校法人国際理工学園 | 【国際理工情報デザイン専門学校】残業少なめ・土日祝休み,【千葉都市モノレール「穴川駅」から徒歩3分】 国際理工情報デザイン専門学校での勤務となります。 住…,"月給：28万5,000円以上 ＋手当、賞与年2回、期末賞与 等"
株式会社シーアールイー | 『航空宇宙設計・システム設計』のエンジニアリングカンパニー！,【　東海（愛知・岐阜）での募集　】 ※入社前に希望確認し、最大限考慮します。 ※転勤なし ★住宅手…,月給20万円以上 ＋手当(残業、食事、住宅など)＋賞与年3回
SATTwest株式会社 | 【駿台グループの安定経営基盤】業界高水準の働きやすい環境◎,【転勤・夜勤なし／U・Iターン歓迎】 ◆大阪事業所： 大阪府大阪市西区九条南1-2-20 ドーム前…,年俸制：300〜450万円
株式会社ブリングアッププラス | 年間休日120日以上！右肩上がりの企業で是非活躍してください！,首都圏を中心とした各プロジェクト先(東京都・千葉県・神奈川県・埼玉県) ※通勤時間等を考慮して、プ…,年俸制
株式会社IXME | ◆社宅・新生活費用補助！上京したい方・東京で働きたい方歓迎,【転勤なし／UIターン歓迎】東京23区（渋谷店・日暮里）を中心に神奈川県、埼玉県、千葉県の各プロジ…,◆月給20万円〜33万円
株式会社デジタルクリエイト | 土日祝休＆年休125日／残業ほぼ無／退職金有／社会福祉に貢献！,◎駅チカ！ ◎転勤なし！ 【本社】 東京都千代田区神田西福田町4　ユニゾ神田西福田町ビル8階 ＜交…,月給30万円〜50万円 + 諸手当 + 賞与年2回
株式会社アクセル・モード | ＊設立より11期連続で増収増益！事業拡大中の企業です＊,＜在宅勤務となります＞ 全社員がテレワークでの勤務のため、全国どこでも仕事ができます。 【本社】通…,月給21万円以上＋残業代全額支給＋諸手当＋賞与
株式会社システムプロステージ | 設立32年！自社内開発強化中・上流工程から携われる　★転勤なし,＜原則転勤なし！アクセス抜群の好立地＞ ■本社（福岡市博多区博多駅前1-15-12） もしくは ■…,月給18万円〜40万円
株式会社NTTデータ東北 | 【株式会社NTTデータ(東証1部上場)グループ】年間休日120日,【転勤なし】【U・Iターン歓迎！】 宮城県仙台市青葉区一番町1-9-1 仙台トラストタワー21階…,"月給　243,260円〜＋諸手当＋賞与年2回"
株式会社NTTデータ東北 | 【NTTデータ(東証1部上場)グループ】年間休日120日以上(土日祝),【原則転勤なし】【U・Iターン歓迎！】 自社内案件がほとんどなので、腰を据えて働いていただける環境…,"月給243,260円〜＋諸手当＋賞与年2回"
株式会社enish | 【東証一部上場企業の安定基盤】★年休120日以上 ★TVCM放送中,★原則在宅勤務／出勤ストレスはありません ★転勤なし 【本社】 東京都港区六本木6-1-24 ラピ…,年俸504万円〜900万円
株式会社グローバルギア | 東証一部上場『KLab株式会社』のグループ企業！安定感＆将来性◎, 転勤なし・天神勤務・UIターン歓迎 ◎本社：福岡県福岡市中央区今泉1-12-8 天神QRビル ■…,■■ 前給保証 ■■
株式会社D2C | 5月9日(日)マイナビ転職フェア 宮崎に出展！★完全週休2日制,◆転勤なし ◆マイカー通勤OK 宮崎県宮崎市橘通東1-7-4　第一宮銀ビル6F ※JR「宮崎駅」よ…,月給：18.2万円 〜 42万円
株式会社トラウム | ＼Web面接も実施中／ 業績好調に伴い、新拠点の開設が決定！,岡山市北区下石井1丁目1番17号 アクロスキューブビル3階 ※上記のオフィスもしくは、 岡山県内の…,月給22万円以上 + 諸手当
株式会社InfinityWorld | 完全週休2日制・残業ほぼゼロ！【福岡市勤務】,★博多や天神へのアクセス良好♪ ＊転勤なし 【本社】福岡市博多区上川端町11-8川端中央ビル408…,月給20万〜45万円 ＋ 交通費 + 諸手当
ケービーソフトウェア株式会社 | 【 創業30周年 】フレックス勤務/年間休日120日/WEB面接OK,＼UIターン歓迎・転勤なし／ 〒 850-0067 長崎県長崎市小浦町20番地 ※マイカー通勤OK,月給20万円〜35万円 ＋ 諸手当
インフォニイ株式会社 | ◎有給消化10.8日 ◎残業10.6時間 ◎転勤なし ◎完全週休2日制,■本社／福岡市博多区博多駅前1−4−1　博多駅前第一生命ビル6F ※地下鉄空港線「祇園駅」P1出口…,【経験5年以上】
ビーコミュニケーション株式会社 | ＊社員全員が現役エンジニア＊年間休日126日＊30代活躍中 残業少,＊ご希望を最大限考慮した配属を行います。 東京23区をメインとした東京都内、神奈川県の各プロジェク…,月給30万円以上
JBCC株式会社 | ▼△2021年5月8日(土)マイナビ転職フェア名古屋 出展▲▽,【 愛知県名古屋市、静岡県静岡市のうち、希望の勤務地を考慮いたします 】 ◆名古屋NHK事業所 愛…,"月給24万4,000円以上＋諸手当"
スズキ株式会社 | 「人と同じ事はやらない。やるなら世界一を目指すのがスズキ」,横浜研究所(神奈川県横浜市)又はその他国内事業所,"修士了：月給23万4,000円以上"
スズキ株式会社 | 「人と同じ事はやらない。やるなら世界一を目指すのがスズキ」,本社(浜松市)又はその他国内事業所,"修士了：月給23万4,000円以上"
学校法人大原学園 | 「本気になったら大原」｜年間休日120日以上・昨年度賞与5ヶ月分,＜関西エリア限定募集！＞ 希望と居住地を考慮し、大阪・京都・兵庫にある各校へ配属します。 ■大阪校…,"■月給22万4,100円〜28万6,700円 ＋ 諸手当 ＋ 賞与年2回"
学校法人沖縄大学 | ＼ U・Iターンも大歓迎 ／ 未経験者もお気軽にご応募ください。,【 転勤なし 】 沖縄県那覇市国場555番地 ※マイカー通勤OK（ 規定あり ） ※U・Iターンも…,"月給182,200円〜230,100円＋諸手当"
医療法人社団俊聖会 | 甘木中央病院／昭和33年の開院以来、堅実な経営で地域に貢献,福岡県朝倉市甘木667 ※県外から通っている社員もいます！働きやすさが魅力の一つです！ ※転勤なし…,月給22万円〜35万円
セイコーシステムエンジニアリング株式会社 | 北海道最大手コンビニ【セイコーマート】を支えるIT部門,＜システム開発業務＞ 本社／札幌市中央区南9条西5丁目 421番地パーク9.5ビル（セコマ本社内）…,月給　25万円〜45万円
シャープマーケティングジャパン株式会社 | ビジネスソリューション社 【シャープ株式会社連結子会社】,★東京・大阪は積極募集中！ 東京、大阪、千葉、札幌、仙台、名古屋、広島、福岡のいずれかでの勤務。…,"月給：220,000円〜"
株式会社デジタル・ヒュージ・テクノロジー | ★年間休日120日以上 ★WEBデザイン経験者もぜひ！,＼神田・秋葉原・小伝馬町・新日本橋・岩本町・三越前から徒歩スグの好立地！／ ■本社／東京都千代田区…,■未経験者の方
中央交易株式会社 | 国内自動車メーカーと取引で安定基盤｜本社採用／転勤なし,【マイカー通勤可／駐車場完備】 岐阜県岐阜市西鶉1丁目38−2,月給20万3000円〜29万5000円
株式会社アイシス | ◆年休122日 ◆フレックスタイム(中抜けOK) ◆出戻り社員も在籍,【 名古屋市瑞穂区の自社オフィス 】 ※地下鉄新瑞橋4番出口より徒歩1分 ※駅チカ＊* 【 本社…,月給21万〜50万円
株式会社鹿児島讀賣テレビ | 【 KYT★NNN系列 】☆IT、ICT化を加速させていくメンバーを募集,★★ 県外からのUターン歓迎/マイカー通勤可★★ ■鹿児島県鹿児島市与次郎1-9-34,月給30万円〜40万円 ＋ 残業手当
株式会社ワンノブアカインド | ★昇給年4回★週4勤務OK★トリプルディスプレイなど抜群の環境,《転勤なし／「虎ノ門ヒルズ駅」徒歩2分》 【本社】 東京都港区虎ノ門3-4-7 虎ノ門36森ビル1…,月給40万円〜65万円＋賞与年2回＋各種手当
株式会社エスユーエス | 【マザーズ上場】希望エリア就職率97％／有給休暇取得率74％,全国のプロジェクト先 ※ご希望や通勤を考慮し、勤務地を決定します。 ※U・Iターン歓迎！ ＜プロジ…,月給30万円以上 ＋ 各種手当 + 賞与（年2回）
株式会社エスユーエス | 【マザーズ上場】年休124日/残業月平均19.4h/有給休暇取得率74％,全国のプロジェクト先 ※ご希望や通勤を考慮し、勤務地を決定します。 ※U・Iターン歓迎！ ＜プロジ…,月給30万円以上 ＋ 各種手当 + 賞与（年2回）
株式会社プロダクション・アイジー | 『攻殻機動隊』シリーズ、『PSYCHO-PASS サイコパス』等を制作,【転勤なし／三鷹駅から徒歩4分のオフィス】 ●本社 東京都武蔵野市中町2-1-9 ＜アクセス＞ J…,年俸制276万円以上+賞与年2回
株式会社Looop | 【売上高500億円超】エネルギー事業で社会貢献を目指す成長企業,【本社サテライトオフィス】 東京都台東区上野3-23-6 三菱UFJ信託銀行上野ビル7階 ＜アクセ…, 月給：30万円〜 ＋ 賞与（年4回）
株式会社レッティ | Web面接実施中！年休125日・月平均残業時間14.5Hで働きやすさ◎,◆名古屋金山駅より徒歩1分の本社 or 愛知県もしくは岐阜県内のプロジェクト先 ★転勤なし 【 本…,"◆月給200,000円〜40万円＋諸手当＋残業手当100％支給"
株式会社医療新聞社  | 医療情報サイトの運営／医療に特化した書籍の発刊,【転勤なし】 東京都新宿区上落合2-22-11 加瀬ビル155-7階 <アクセス> 都営大江戸線「…,月給30万円〜45万円＋交通費全額支給（新幹線は除く）
ヤマハ発動機ビズパートナー株式会社 | ヤマハ発動機100％出資｜年間休日121日｜賞与3.5ヶ月分支給,ヤマハ発動機グループを中心に 静岡県内の優良メーカーが勤務地となります。 【U・Iターン歓迎】 ◎…,"日給月給：22万5,000円〜31万円 ＋ 賞与（ 年2回：計3.5ヶ月分支給 ※昨年度実績※ ）"
株式会社ティービーエス | 今絶好調の通販業界！体制強化のため、新戦力を増員,三芳第二物流センター 埼玉県入間郡三芳町北永井689-1 ※マイカー通勤OK！駐車場完備 ※埼玉県…,【月給】27万円以上
株式会社エンビーコア | 自社内開発100％◆完全土日祝休み◆年休125日◆残業月平均10h程,★各線「千種駅」より直結で徒歩1分 ★客先常駐なし ★転勤なし 愛知県名古屋市東区葵3丁目15-3…,■実務未経験者
株式会社大塚商会 | 【転職フェアオンライン東京3/20(日)に参画予定！】,【東京・大阪・宮城】の3地区で募集中です。 ≪東京≫本社ビル 東京都千代田区飯田橋2-18-4 ≪…,月給22万円〜40万円＋賞与年2回＋各種手当あり(住宅手当・家族手当など)
"株式会社ソフトエイジェンシー | ""インフラからアプリケーションまで全て自社で構築""",●本社／栃木県小山市西城南5丁目16番地9 ◆マイカー通勤可 ※駐車場完備,●月給20万 〜 35万円 ＋ 諸手当 ＋ 賞与 
株式会社ウェブフロンティア | 横浜ランドマークタワー31階。開発強化のため2018年5月増床移転,◆リモートワークも積極的に導入中！ 【首都圏】 桜木町オフィス（2019年4月開設） みなとみらい…,【年俸制】
株式会社ウェブフロンティア | 横浜ランドマークタワー31階。開発強化のため2018年5月増床移転,◆リモートワークも積極的に導入中！ 【首都圏】 桜木町オフィス（2019年4月開設） みなとみらい…,【年俸制】 
株式会社ウェブフロンティア | 【横浜ランドマークタワー31階☆リモートワークも積極導入中！】,◆リモートワークも積極的に導入中！ 【首都圏】 桜木町オフィス（2019年4月開設） みなとみらい…,【年俸制】 
株式会社ウェブフロンティア  | 【横浜ランドマークタワー31階☆リモートワークも積極導入中！】,◆リモートワークも積極的に導入中！ 【首都圏】 桜木町オフィス（2019年4月開設） みなとみらい…,【年俸制】 
株式会社ウェブフロンティア  | 【横浜ランドマークタワー31階☆リモートワークも積極導入中！】,◆リモートワークも積極的に導入中！ 【首都圏】 桜木町オフィス（2019年4月開設） みなとみらい…,【年俸制】 
株式会社ウェブフロンティア | 横浜ランドマークタワー31階。開発強化のため2018年5月増床移転,◆リモートワークも積極的に導入中！ 【首都圏】 桜木町オフィス（2019年4月開設） みなとみらい…,【年俸制】 
株式会社九州共栄システムズ | ★Web面接＆事前面談実施中 ★上場企業グループ ★年間休日120日,★原則転勤なし ＆ UIターン歓迎 【本社】 福岡県福岡市博多区博多駅東2丁目4番30号 いわきビ…,月給22万円〜38万円  ＋諸手当
大栄システム株式会社 | ◆完全週休2日(土日祝)/残業少なめ/各種手当・福利厚生も充実◎,茨城県土浦市または鹿嶋市 (本社もしくは土浦事務所での勤務もあります) 【将来的には茨城へのU・I…,月給：25万円〜+各種手当+賞与
株式会社うえじまインベストメント | うえじまグループとして強固な安定基盤！福利厚生・手当充実★,【本社・各営業所、または東京都、神奈川県、愛知県、大阪府、京都府、宮城県のプロジェクト先】 ※希望…,月給：30万円以上
株式会社エイビス | ★完全週休2日制 ★在宅勤務OK ★上流工程で活躍 ★残業少なめ,★転勤なし【大分・東京同時募集！】 ★U・Iターン歓迎 ■大分本社 大分市金池町3-3-11 ◎「…,月給23万円〜40万円 + 諸手当
アイピーシステム株式会社 | 富士通／ベネッセ／NTTデータグループ各社など大手企業と取引◎,＼ U・Iターン歓迎 ／ ◎岡山市・高松市・大阪市のいずれか（希望考慮） 本社 岡山県岡山市北区北…,"月給 217,000円以上＋諸手当"
株式会社エイプリルナイツ | 完全週休2日制・土日祝休み・年休120日以上・残業月平均10H以内,★転勤なし ・本社または東京都（23区内）、神奈川県・千葉県・埼玉県内のお客様先での勤務となります…,月給／30万円〜50万円
ビートテック株式会社 | 「エンジニアファースト」を掲げる設立7年目のフレッシュな企業,【東京・神奈川・千葉・埼玉のプロジェクト先】 本社／東京都品川区西五反田7-20-9 KDX西五反…,月給25万円以上
株式会社ＫＰＩソリューションズ | インターネットマーケティングや人工知能技術を開発・提供,東京都中央区銀座8-15-2 ACN銀座ビル ※転勤なし 【アクセス】 JR東日本 [新橋駅]徒歩…,"月給375,900円〜583,800円"
ビートテック株式会社 | 「エンジニアファースト」を掲げる設立7年目のフレッシュな企業,東京都、神奈川県、千葉県、埼玉県、大阪府内のプロジェクト先での勤務となります。 ※プロジェクト先は…,年俸制300万円〜650万円
イー・バレイ株式会社 | あなたの手で、世の中にない製品を生み出しませんか？,■本社または、愛知、岐阜、三重のプロジェクト先企業 (勤務先については希望を考慮いたしますので、お…,経験者：月給25万〜40万円
株式会社ウェブエッジ | 大手企業プロジェクトをはじめ開発・インフラなど幅広い案件あり,【転居を伴う転勤なし】 【東京本社】 東京都中野区弥生町1-9-8 トーソービル2F 東京本社、も…,月給25万円〜50万円(固定残業代含む)
株式会社アルトナー | 東証一部上場。9割が未経験入社でもトップレベルの技術力が自慢,横浜・宇都宮・大阪・名古屋の各事業所管内のプロジェクト先にて勤務していただきます。 勤務地は、希望…,"月給／23万9,000円以上＋各種手当＋賞与（年2回）"
エヌアイシィ株式会社 | ＜入社後3ヶ月の研修有＞資格取得支援／住宅手当／年間休日124日,研修期間中は、東京本社勤務となります。 【関東】 東京、神奈川、埼玉、千葉のプロジェクト先 ※転勤…,月給25万円以上
日本フロンティアシステムズ株式会社 | 多種多様なITサービスを展開する「Ｊグループ」～無借金企業～,本社／東京都千代田区神田須田町2-23-1 ※転移を伴う転勤なし,"月給234,000円〜"
グローバルデザイン株式会社 | ◎年休120日以上◎残業少なめ◎マネージャー候補,＜本社（静岡市葵区）または東京オフィス（港区）または山梨オフィス（甲府）での勤務となります。＞ 【…,【東京】月給33万〜39万円
ビートテック株式会社 | 「エンジニアファースト」を掲げる設立7年目のフレッシュな企業,東京都、神奈川県、千葉県、埼玉県、大阪府内のプロジェクト先での勤務となります。 ※プロジェクト先は…,年俸制300万円〜650万円
コムテック株式会社 | 【 2021年5月15日(土) マイナビ転職フェア鹿児島に出展します 】,【南九州センター】 鹿児島県鹿児島市西田1-5-1 鹿児島高見橋ビル 4F,月給19万円〜40万円＋残業手当
S・Ｔ・Ｋ株式会社 | ＜ 創業36年 ＞販売管理システムの開発を行う熊本の地域密着企業,◆転勤なし◆マイカー通勤OK◆UIターン歓迎 □ 熊本県熊本市東区健軍本町30-4 ※客先常駐で勤…,月給24万円〜35万円 + 諸手当
日本フロンティアシステムズ株式会社 | 多種多様なITサービスを展開する「Ｊグループ」～無借金企業～,本社／東京都千代田区神田須田町2-23-1 ※転移を伴う転勤なし,"月給243,000円〜"
アイピーシステム株式会社 | 富士通／ベネッセ／NTTデータグループ各社など大手企業と取引◎,＼ U・Iターン歓迎 ／ ◎岡山市・高松市・大阪市のいずれか（希望考慮） 本社 岡山県岡山市北区北…,"月給 217,000円以上＋諸手当"
株式会社Suneight | ◆完全週休2日制／年間休日121日／長期休暇あり,【本社勤務】東京都新宿区新宿2-15-22 Landwork新宿ビル4F ※転勤は当面ありません…,"年俸制4,000,000円〜7,000,000円"
株式会社ＫＰＩソリューションズ | インターネットマーケティングや人工知能技術を開発・提供,東京都中央区銀座8-15-2 ACN銀座ビル ※転勤なし 【アクセス】 JR東日本 [新橋駅]徒歩…,"月給300,000円〜542,000円"
FacePeer株式会社 | (株)マイナビと資本業務提携！急成長中のWeb通話サービスを展開,★本社勤務★転勤なし！※自転車通勤用駐輪場あり 東京都港区赤坂8-5-40 ペガサス青山230 ＜…,年俸350万円〜900万円
リバーコンティニュー株式会社 | 大阪府緊急雇用対策に賛同／年間休日休暇126日で働きやすさ抜群,《梅田エリア勤務★転勤なし》 ■大阪府大阪市北区太融寺町2-21 ニュープラザビル11F ⇒社内受…,■月給25万円〜50万円
専門学校 岡山情報ビジネス学院 | 【 カバヤ・オハヨーグループ 】★10日以上の長期休暇取得可能！,【 転勤なし／JR岡山駅すぐ！ 】 ■専門学校岡山情報ビジネス学院 岡山県岡山市北区駅元町1-4…,"■月給 200,400円 〜 320,000円 ＋ 諸手当"
株式会社アローズ・システムズ | 8割以上プライム案件！資格取得や外部研修等の費用会社全額負担,本社または神奈川県、東京都のお客様先 【アクセス】 〒220-6007 神奈川県横浜市西区みなとみ…,月給20万5千円〜35万円
株式会社System Tomorrow | 受託開発のみ！100％自社内開発⇒なので残業も転勤も無し！,—★自社内での開発が100％なので転勤はありません！ —★住宅補助制度あり／綾瀬駅より徒歩3分 —…,月給：23万円〜40万円
株式会社セキュアイノベーション | 沖縄本社／専門特化した技術で企業の情報セキュリティを守る！,沖縄県那覇市上之屋1-18-36 沖縄映像センタービル3F,"月給 240,000円〜500,000円"
株式会社オロ | 東証一部上場／テクノロジー×クリエイティブのエキスパート企業,【東京本社】 東京都目黒区目黒3-9-1 目黒須田ビル ※「目黒駅」徒歩10分,月給25万円〜55万円
株式会社スタイルネット | ★大手企業との取引実績多数 ★残業は月平均12時間程度,【 転勤なし 】 長崎県長崎市五島町3番10号　YSビル202号 ※U・Iターン歓迎 ※マイカー・…,月給20万円〜35万円 ＋ 諸手当
ウチダエスコ株式会社 | 内田洋行グループ/JASDAQ上場/完全週休2日/各種手当・制度充実,東京都江東区木場五丁目8番40号　東京パークサイドビル ＜アクセス＞ 東京メトロ東西線 木場駅徒歩…,月給：31万円以上
クリエーションライン株式会社 | 《クラウドインフラのリーディングカンパニー》★完全週休2日制,【テレワーク推奨】 東京本社／東京都千代田区神田佐久間町3-6 M’s WORKS BLDG 2F…,月給37万円〜
株式会社ネットワーク応用技術研究所 | 【 九州電力グループ 】完全週休2日制(土日祝)／残業月平均15.8h,《 転勤なし 》東京・福岡各事業所での募集となります。 【 東京事業所 】 東京都港区新橋4-7-…,月給26.6万円〜 ＋ 諸手当
株式会社セキュアイノベーション | 専門特化した技術で企業の情報セキュリティを守る！,新たに開設した名古屋の拠点または沖縄本社 ▼名古屋 愛知県名古屋市中川区尾頭橋4-13-7 nab…,【名古屋勤務】
シーイーシー新潟情報サービス株式会社 | 法人企業から官公庁まで、ITの力で様々なお客様を支える企業！,新潟県新潟市中央区鐙2-10-6 ※マイカー通勤OK（駐車場完備）,"月給18万500円〜28万9,000円（一律手当含む）"
株式会社フルマークス | 顧客から「満点」をいただけるシステム構築を目指す少数精鋭SIer,本社 東京都千代田区神田神保町1-14-3 MT-O神保町 【駅より徒歩2分】,月給
プロンプト・Ｋ株式会社 | 【 2021年5月15日(土) マイナビ転職フェア鹿児島に出展！】,◇転勤なし！ ◇UIターン歓迎！ 【 鹿児島オフィス 】 鹿児島県鹿児島市荒田1丁目4-14 丸田…,月給21万円〜36万円 + 諸手当
株式会社オデッセイコミュニケーションズ | [新しい資格。新しいキャリア。]★完全週休2日 ★残業月10h程度,当社本社（東京都千代田区丸の内3-3-1　新東京ビル B1） 〈アクセス〉 ■JR山手線「有楽町駅…,月給:23.3万円〜40万円 ＋ 賞与年2回
ソニーネットワークコミュニケーションズ株式会社,東京都品川区東品川4-12-3　品川シーサイド TSタワー 【アクセス】 『品川シーサイド駅』出口…,月給23万9000円以上
山九株式会社 | 東証1部上場｜創業102年｜グローバルに事業展開中,シンガポール現地法人（山九東南アジアホールディングス株式会社）出向勤務 約半年から1年程度、下記国…,＜月給＞23万円〜32万円
株式会社オデッセイコミュニケーションズ | [新しい資格。新しいキャリア。]★完全週休2日 ★残業月10h程度,当社本社（東京都千代田区丸の内3-3-1　新東京ビル B1） 〈アクセス〉 ■JR山手線「有楽町駅…,月給26.6万円〜
株式会社LeoITコンサルティング | 【2019年の設立から順調に業績拡大中です！】,【名古屋市内の常駐先での勤務となります】 ◆本社 愛知県名古屋市中区丸の内2-18-10 丸の内ア…," 月給25万6,000円以上"
株式会社クロスワープ | 設立20周年を迎えた業界のリーディングカンパニー,【転勤なし・在宅ワークも導入中】 東京都品川区上大崎3-2-9 アクア目黒3F ※「目黒駅」徒歩2分,年俸制400万円〜500万円
株式会社ミネルヴァ | <親会社は東証一部上場企業>医療系スタートアップメンバーの募集,★全国どこでも勤務可能★ *リモートワークを導入しているので、どこにいても勤務が可能です。 *満員…,月給33万円〜50万円
CPAエクセレントパートナーズ株式会社 | 公認会計士等の資格取得を支援する資格スクール◆20～30代活躍中,【転勤なし／駅近！東京募集】 【水道橋校】 東京都千代田区神田三崎町3-6-9 水道橋ビル 4F…,月給25万円〜50万円 + 賞与 + 残業代
株式会社アンバランス | AIを活用したIntelligence Boardサービス等の企画から提供まで,東京都千代田区神田神保町1-3-5 冨山房ビル4F 【アクセス】 都営地下鉄新宿線、三田線「神保町…,月給
株式会社クロスワープ | 設立20周年を迎えた業界のリーディングカンパニー,【転勤なし・在宅ワークも導入中】 東京都品川区上大崎3-2-9 アクア目黒3F ※「目黒駅」徒歩2分,年俸制350万円〜400万円+在宅勤務手当(月1万円)※年俸380万円以下の場合
株式会社メディパス | 完全週休2日制／年間休日120日／有休取得率80％以上/PC選べます,【転勤はありません】 ◆東京本社 東京都品川区西五反田2-29-5 日幸五反田ビル7階 ※「五反田…,月給28万円以上
株式会社アイセック  | 健康への不安を、安心に変える。新潟大学発の医療ベンチャー,新潟県新潟市中央区水道町2-5932-165,"月給：25万円〜41万6,000円（一律支給の手当含む）"
株式会社フジワーク | 残業1日平均1h/土日祝休/有給取得率80％/住宅手当有/残業代支給,☆転勤なし（希望に沿わない転勤はありません） ☆U・Iターン歓迎 ☆勤務地は希望を考慮します 東京…,月給20万円〜+技術手当+各種手当+残業代
株式会社フジワーク | 残業1日平均1程度／土日祝休 ／有給取得率80％／住宅手当あり,☆転勤なし（希望に沿わない転勤はありません） ☆U・Iターン歓迎 ☆勤務地は希望を考慮します 東京…,月給20万円〜＋技術手当 + 各種手当 + 残業代
アテイン株式会社  | eラーニングソリューションや映像コンテンツ制作を展開中,東京都千代田区神田須田町2-19-8酒井ビル6Ｆ,月給
株式会社アイセック  | 健康への不安を、安心に変える。新潟大学発の医療ベンチャー,新潟県新潟市中央区水道町2-5932-165,月給：33万円〜50万円（一律支給の手当含む）
株式会社一蔵 | ～ 日本文化を未来へつなぎ、感動を創り出す『感動創造企業』～,＜埼玉本社＞ 埼玉県さいたま市北区大成町4-699-1 【アクセス】 JR川越線　日進駅　徒歩12…,年俸制：350〜450万円以上
航空集配サービス株式会社 | 【昭和45年・エアカーゴ専門陸上輸送の企業！全国に13か所拠点】,【本社】 千葉県習志野市東習志野1-6-17 ※マイカー通勤可能 ※駐車場完備,月給22万円〜35万円
株式会社インフォキューブLAFLA | 大手企業との共同開発/残業時間10h/年休120日/30代男性活躍中！,【日本大通り駅から徒歩3分！アクセス良好！】神奈川県横浜市中区日本大通11 横浜情報文化センター1…,【経験の浅い方】月給25万円〜＋賞与年2回　
株式会社NEXCOシステムズ | NEXCOグループ唯一のIT企業◆年休120日以上◆完週休2日(土日祝),《伏見駅より徒歩1分！》 【名古屋支店】 愛知県名古屋市中区錦1−10−20 アーバンネット伏見ビ…,月給：24万3千円（本給）以上
株式会社アールラーニング | キャリアプラン制度、評価面談で年収12万円アップは当たり前！,【転勤なし・UIターン歓迎・交通費月5万円まで支給】★勤務地は希望を考慮します！ ■本社／東京都新…,■月給25万円〜
ArchiTek株式会社 | 独自のアーキテクチャ『aIPE』の開発で、今注目を集める企業！,★転勤なし、リモート勤務あり ■大阪本社 大阪府大阪市西区北堀江1丁目1番29号 四ツ橋MT長谷ビ…,月給35万円〜60万円
株式会社アール・シー・エス | 《西日本放送グループ》#100％自社開発 #土日祝休み #転勤なし,《 本社：香川県高松市錦町2丁目2番17号 》 ※在宅勤務もOK ※転勤なし ※U・Iターン歓迎…,月給22万円〜35万円＋諸手当
株式会社グローティー | 2020年設立のこれからの企業！これからの成長に携われます！,【転勤なし】 大分県大分市城崎町1丁目3番6号 S+T城崎204号,"月給／25万〜65万5,000円　＋諸手当"
株式会社ビジョン・コンサルティング | ◆AIなど最新技術を駆使 ◆転勤なし ◆「四谷三丁目駅」徒歩3分,【転勤なし】 東京本社、お客様先、もしくはリモートワーク 【本社への交通アクセス】 「四谷三丁目駅…,月給35.7万円〜142.8万円
株式会社キャリアインデックス  | 【東証一部上場企業】フレックスタイム*土日祝休み*年休122日！,【転勤なし／U・Iターン歓迎】★2020年6月に白金台に本社を移転！ 本社／東京都港区白金台5-1…,"月給34万3,750円〜60万6,250円"
株式会社アイ・エー・アイ | 【大手417社と取引】納得の評価制度★リモート勤務案件も多数！,【希望エリアの案件にアサイン】 東京都／神奈川県／愛知県名古屋市（PM案件）のプロジェクト先 ★W…,月給25万円〜41万円
株式会社大谷商会  | 《創業99年の専門商社》産業機械、花き、食品、ITなど商品も多彩,本社：新潟県新潟市東区逢谷内463 《転勤なし/Ｕ・Ｉターン大歓迎（マイカー通勤可）》 ※配属先は…,"月給：18万9,000円〜32万円（一律手当含む）＋諸手当"
株式会社ビジョン・コンサルティング | ◆AIなど最新技術を駆使 ◆転勤なし ◆「四谷三丁目駅」徒歩3分,・転勤なし ・基本的にフルリモートワーク 本社所在地：東京都新宿区四谷4-3-1 ワールド四谷ビル…,月給28.5万円〜57.1万円
株式会社大谷商会  | 《創業99年の専門商社》産業機械、花き、食品、ITなど商品も多彩,本社：新潟県新潟市東区逢谷内463 《転勤なし/Ｕ・Ｉターン大歓迎（マイカー通勤可）》 ※配属先は…,"月給：18万9,000円〜32万円（一律手当含む）＋諸手当"
CES中電株式会社 | 「ハイテク企業」のグループ＝グローバル案件◎,【グローバル×リラックスした雰囲気のオフィス】 ★UIターン歓迎 ★転居を伴う転勤なし ★東京・神…,【年俸】350万円以上＋残業代全額支給
株式会社スナーク | 本社勤務／1次受けのみ／残業時間平均20時間以内／年間休日127日,【転勤なし】 ＜本社＞ 東京都台東区寿2‐10‐11　MS田原町ビル6F ☆社員80％以上が在宅で…,"月給：250,000円以上"
株式会社ファルコン | ～社会に役立つソフトウェアを考えます～,愛知県名古屋市中区栄2-2-5　電気文化会館8F ※転勤なし ※自社内開発 ※テレワーク制度策定中…,月給 23万円~27万円＋賞与年2回
株式会社メタップスペイメント | テクノロジーでお金と経済のあり方を変える ！残業1日1ｈ程度♪,在宅勤務実施中 東京都港区三田1-4-1 住友不動産麻布十番ビル3F 【アクセス】 都営地下鉄大江…,月給32万円〜43万円＋賞与年2回
株式会社メタップスペイメント | テクノロジーでお金と経済のあり方を変える ！残業1日1ｈ程度♪,東京都港区三田1-4-1 住友不動産麻布十番ビル3F 【アクセス】 都営地下鉄大江戸線「赤羽橋駅」…,月給32万円〜43万円＋賞与年2回
グローバルテクノロジー宮崎株式会社 | 豊富な案件の中から、あなたの経験や希望に合わせてアサイン！,【原則転勤なし】 福岡県、宮崎県、東京都内の各プロジェクト先へ配属します。,月給／22万円以上　＋諸手当
有限会社ａ－ＬＩＮＫ | 上流工程からワンストップ！/年間休日124日/横浜勤務で転勤なし,新横浜事業所 〒222-0033　横浜市港北区新横浜2-3-9　新横浜金子ビル９F JR横浜線、地…,年俸制
有限会社ａ－ＬＩＮＫ | 上流工程からワンストップ！/年間休日124日/横浜勤務で転勤なし,新横浜事業所 〒222-0033　横浜市港北区新横浜2-3-9　新横浜金子ビル９F JR横浜線、地…,年俸制
"アルトア株式会社 | 弥生(株)とオリックス(株)が手掛ける""新事業”の運営会社",【転勤なし！客先常駐なし・本社(秋葉原)勤務のみ》 東京都千代田区外神田 ４-14-1 秋葉原 U…,年俸制400万円〜800万円
株式会社ヴァーナル | 【創業30周年／安定企業で活躍】Web面接実施中！,※UIターン歓迎 ※転勤なし 【福岡本社】 福岡県福岡市博多区博多駅前4-6-15,"月給219,900円〜366,500円 + 諸手当"
梅田電機株式会社 | 『大阪ものづくり優良企業賞』受賞★多分野の大手企業と多数取引,◎転勤なし ◎「福島」駅より徒歩3分の好アクセス ◎U・Iターン歓迎します 本社／大阪府大阪市福島…,月給：21万円〜30万円＋諸手当＋賞与年2回＋（残業実績）
有限会社キャリアボックス | ＜富士通グループのパートナー企業＞土日祝休み／年休121日,◆東京都23区内、横浜市、川崎市の各プロジェクト先 ※配属先は、ご希望や適性を考慮して決定いたしま…,◆月給／22万円〜35万円以上＋賞与（年2回）
ゼビオコミュニケーションネットワークス株式会社 | 東証一部上場グループ／スポーツを軸に様々な事業領域へ,東京都千代田区神田小川町3-4-2 御茶ノ水三四ビル ※転居を伴う転勤なし ＜アクセス＞ 「小川町…,月給27万8205円〜
ゼビオコミュニケーションネットワークス株式会社 | 東証一部上場グループ／スポーツを軸に様々な事業領域へ,東京都千代田区神田小川町3-4-2 御茶ノ水三四ビル ※転居を伴う転勤なし ＜アクセス＞ 「小川町…,月給34万7615円〜
ゼビオコミュニケーションネットワークス株式会社 | 東証一部上場グループ／スポーツを軸に様々な事業領域へ,東京都千代田区神田小川町3-4-2 御茶ノ水三四ビル ※転居を伴う転勤なし ＜アクセス＞ 「小川町…,月給41万7125円〜
株式会社テクノウォーカー | 若手の成長を後押し！20代、30代活躍中！,関東近郊 ※参画プロジェクトに応じて異なる場合があります。,月給18万円〜（資格手当その他諸手当がつき、入社1年で5万円アップした方もいます）
株式会社富澤商店 | （TOMIZ）｜創業102年｜お菓子・パン作りの材料器具専門店,◆勤務は、有楽町の本社と相模原センター半々になります。 【本社】東京都千代田区有楽町1-9-4 1…,年俸制600万円 〜 800万円
太陽誘電株式会社 | <東証一部上場>◆年休126日◆完全週休2日制,【高崎グローバルセンター】群馬県高崎市栄町8-1,【月給日給制】24万円〜＋諸手当
株式会社DearOne | 旧社名：ロケーションバリュー【NTTドコモグループ】年休130日,【転勤なし】 ★完全自社勤務／客先常駐なし ★本社は虎ノ門ヒルズ駅から徒歩約1分 開発環境 ￣￣￣…,"月給296,000円〜469,000円"
株式会社イーヴンPLUS | ★安定経営の独立系ソフトハウス ★年間休日121日（土日祝）,東京都品川区のクライアント先での勤務となります。,月給23万円〜40万円（一律手当含む）
株式会社エーティーティーソリューションズ | 完全週休2日制・土日祝休み・年間休日120日以上,東京都新宿区大久保3丁目8‐2　住友不動産新宿ガーデンタワー,月給 20万円〜30万円 ＋賞与
株式会社NEXCOシステムズ | NEXCOグループ唯一のIT企業◆年休120日以上◆完週休2日(土日祝),《西新宿駅より徒歩2分！3駅利用可能！》 【本社】 東京都新宿区西新宿6丁目8番1号　住友不動産新…,月給：24万3千円（本給）以上
株式会社ジェーピークリエイト | 大手企業とのプライム案件を自社内で設計から運用まで担当,★転勤なし《芝公園駅・大門駅から徒歩圏内》 東京都港区芝2-27-8 VORT芝公園2階,月給：27万円〜+賞与2回
インターナショナルシステムズ株式会社 | 前給保証/直近2年離職率0％/創業から13年連続黒字/Skype面接可能,静岡本社（静岡市葵区）・浜松オフィス（浜松市中区）・取引先（東京都品川区/神奈川県中井町/浜松市中…,月給25万円〜50万円
株式会社アスプコミュニケーションズ | 株式会社プロネクサス(東証一部上場)の100%子会社,本社／富山県富山市婦中町島本郷10-8 ※転勤なし（グループ会社への長期研修を実施する場合有） ※…,月給22万円〜35万円
株式会社SUPER STUDIO | ◆20～40代活躍中／フレックスタイム制／リモートワーク可能,本社／東京都目黒区下目黒2-23-18　目黒山手通ビル8F,"月給296,740円〜406,160円"
ナイル株式会社 | デジタルマーケティングで社会を良くする事業家集団,【転勤なし】 東京都品川区東五反田1-24-2 東五反田1丁目ビル7階 ※「五反田駅」徒歩5分,年俸制600万円〜1000万円
ナイル株式会社 | デジタルマーケティングで社会を良くする事業家集団,【転勤なし】 東京都品川区東五反田１-２４-２ 東五反田1丁目ビル７階 東京都品川区東五反田１-２…,年俸制600万円〜900万円
ナイル株式会社 | デジタルマーケティングで社会を良くする事業家集団,【転勤なし】 東京都品川区東五反田１-２４-２ 東五反田1丁目ビル７階 東京都品川区東五反田１-２…,年俸制400万円〜700万円
株式会社アイセル,本社 〒110-0005 東京都台東区上野3-24-6 上野フロンティアタワー12F 大阪支社 〒…,"◆月給229,000円〜283,000円"
ナイル株式会社 | デジタルマーケティングで社会を良くする事業家集団,【転勤なし】 東京都品川区東五反田1-24-2 東五反田1丁目ビル7階 ※「五反田駅」徒歩5分,年俸制400万円〜700万円
ナイル株式会社 | デジタルマーケティングで社会を良くする事業家集団,【転勤なし】 東京都品川区東五反田１-２４-２ 東五反田1丁目ビル７階 東京都品川区東五反田１-２…,年俸制700万円〜900万円
株式会社ネクサスウィング | ◆年間休日120日／完全週休2日制(土日)／賞与年2回支給！,本社または東京23区内のプロジェクト先 ＜本社＞ 東京都千代田区神田富山町24番地 神田富山町ビル…,月給25万円〜35万円
ナイル株式会社 | デジタルマーケティングで社会を良くする事業家集団,【転勤なし】 東京都品川区東五反田1-24-2 東五反田1丁目ビル7階 ※「五反田駅」徒歩5分,年俸制500万円〜900万円
ナイル株式会社 | デジタルマーケティングで社会を良くする事業家集団,【転勤なし】 茨城県つくば市吾妻1丁目7番地1 つくばクレオスクェア クレオ棟5階 【アクセス】つ…,年俸制400万円〜800万円
情報テクノ株式会社 | 【2019年3月に設立】新しい環境で新しいキャリアをスタート！,本社もしくは顧客先での勤務となります。（※交通費全額支給！） 【本社】東京都青梅市千ヶ瀬2-203…,【月給】27万円〜36万円
株式会社バーズ情報科学研究所 | パソコンOCRソフト開発に成功した日本のリーディングカンパニー,★蒲田駅徒歩スグの駅前好立地！ ◎転勤なし 【蒲田センター】 東京都大田区蒲田5−15−8 蒲田月…,月給23万円〜28万円
AGCアメニテック株式会社 | AGC株式会社(東証一部上場)のグループ会社 ☆建築環境工学専門,【転勤なし】 ＊各線「上野駅」より徒歩7分 ＊東京メトロ銀座線「稲荷町駅」より徒歩７分 【本社】東…,"月給201,000円〜265,000円　+各種手当+賞与年2回（4.7カ月分）"
株式会社キャッツ | 《横浜密着37年◎ユースエール認定企業》年休123日/フレックス制,★「桜木町駅」より徒歩5分★「馬車道駅」より徒歩4分！ 【本社】 神奈川県横浜市中区相生町6-10…,月給28万円以上+賞与（平均4.5ヶ月）
株式会社セーフマスター | 九州屈指の医薬品・医療機器商社「アステム」のグループ会社,＜転勤なし！＞ ＜地下鉄「東比恵駅」より徒歩１分＞ 福岡市博多区東比恵3-1-2 東比恵ビジネスセ…,"月給　190,000円〜300,000円＋諸手当"
株式会社テクノプロ | 【テクノプロ・エンジニアリング社】※年間休日123日,【UIターン歓迎】 広島内近郊のプロジェクト先への配属となります。 （広島市内及び、安芸郡府中町の…,月給：25万円以上
株式会社アルコン | 『新潟県ハッピーパートナー企業』完全土日休み♪働きやすさ◎,《品川駅から徒歩9分！駅チカで働きやすい》 東京支店：東京都港区港南2-12-27イケダヤ品川ビル…,"月給25万円〜38万8,000円＋諸手当"
株式会社天公システム | ★拡大中の外資系コンサル企業／年休120日以上／完休2日(土日祝),■本社／東京都千代田区神田西福田町4-1 メディックスビル4階 ※転勤はありません ＜アクセス（J…,"月給33万3,333円〜66万6,666円"
株式会社テクノプロ | 【テクノプロ・エンジニアリング社】※年間休日123日,【UIターン歓迎】 広島内近郊のプロジェクト先への配属となります。 （広島市内及び、安芸郡府中町の…,月給：25万円以上
株式会社セーフマスター | 医薬品商社「アステム」を中核に持つフォレストHDの一員,＜転勤なし！希望の勤務地に配属＞ ■東京都中央区日本橋　■福岡市博多区東比恵　■大阪市淀川区宮原…,"月給　190,000円〜300,000円＋諸手当"
株式会社プラグ | 「AI×リサーチ×デザイン」で変革を起こすベンチャー企業,★転勤なし ★フルリモートも応相談 ★神保町駅より徒歩3分の駅チカでアクセス抜群♪ 【本社】 〒1…,月給32万円以上
株式会社SOBAプロジェクト | 「ビジュアルコミュニケーションシステム」を開発する成長企業,【転勤なし／U・Iターン歓迎】 希望により、 京都本社（京都市）またはフルリモートでの勤務。 〜本…,月給40万円〜50万円
株式会社グリーンシステム | #原則リモート勤務 #年間休日127日 #土日祝休み,【転勤なし】 本社 東京都新宿区新宿2-9-23 SVAX新宿B館7F,"月給500,000円以上"
株式会社テレビ朝日メディアプレックス  | 【テレ朝グループ】★フレックスタイム ★原則在宅勤務,《転勤ナシ》 １．テレビ朝日メディアプレックス本社 (東京都港区都港区西麻布1-2-9 EXタワー…,月給25万円〜＋賞与年2回＋諸手当
株式会社グリーンシステム | #原則リモート勤務 #年間休日127日 #土日祝休み,【転勤なし】 本社 東京都新宿区新宿2-9-23 SVAX新宿B館7F,"月給333,000円以上"
株式会社ヒューマンキャピタル | 福岡支店　【 システム設計開発の独立系ソフトウェア企業 】,【 転勤なし ＆ U・Iターン者には転居費用補助あり 】 ■ 福岡支店 ■ 福岡県福岡市博多区博多…,月給21万200円〜45万6000円　＋　各種手当
ルミーズ株式会社 | 働きやすさ◎残業月15h程度／キャッシュレス・WEBアプリ開発企業,＼ 転勤なし ／ 【本社】 長野県小諸市本町3-2-25 菱屋本町ビル ★マイカー通勤OK（駐車場…,月給22.9万 〜40万円 ＋ 年収調整 ＋ 諸手当
テレビ静岡システムクリエイツ株式会社,本社／静岡県静岡市駿河区栗原18-65,"月給218,000円〜312,000円"
株式会社コスモウェーブ  | オブジェクト指向開発に定評！最先端開発技術に携われる！,■福岡本社（博多駅より徒歩1分） 福岡県福岡市博多区博多駅前3-25-24 八百治ビル2F ■東京…,"月給 200,000円〜480,000円"
株式会社エム・データ | ★民放キー局・大手広告代理店が出資★土日祝休み★深夜残業なし,【転勤なし！】基本在宅勤務となります。月1程出社です。 ◎茨城県水戸市の自社オフィス勤務 ◎マイカ…,月給29万円〜50万円 
株式会社イーグリッド | 官公庁や伊藤忠など大手企業と取引/残業月平均20h/資格手当充実,※転勤無し！本社もしくは東京23区内での勤務となります。 【本社】東京都豊島区東池袋1−47−7…,"月給：275,000円〜"
アイコムシステック株式会社 | 東証1部企業グループ★残業代全額支給★賞与前年実績5.2ヵ月分,【チームで配属だから安心】 ★本社またはクライアント先への配属となります ◆本社 (自習室・ライブ…,【月給】36万円以上
株式会社第一コンピュータサービス | 日立のセグメントパートナー,【 転勤なし！ＵIターン歓迎 】 ※勤務地は希望を最大限考慮します ■名古屋支店 愛知県名古屋市中…,月給25万円〜35万円
株式会社エイ・クリエイション  | <アクロホールディングスグループ>*福利厚生充実*資格取得支援有,本社（東京都豊島区）またはクライアント先（東京都、埼玉県、千葉県、神奈川県、大阪府、広島県、岡山県…,"月給285,000円〜500,000円"
株式会社パーフェクション | 【仕事に全集中！】職場環境・福利厚生が充実した職場！,【仙台駅から徒歩圏内♪】 宮城県仙台市青葉区本町1-12-12　GMビル6F 東北電力様本社ビル目…,"月給250,000円〜400,000円＋歩合給"
株式会社System Tomorrow | 受託開発のみ！100％自社内開発⇒なので残業も転勤も無し！,—★自社内での開発が100％なので転勤はありません！ —★住宅補助制度あり／綾瀬駅より徒歩3分 —…,月給：25万円〜40万円
ファーマーズサポート株式会社 | ≪完全週休2日制(土日祝)× 年間休日120日以上≫,◆UIターン歓迎 ■鹿児島県鹿児島市名山町9-15（mark MEIZAN内） .*★快適な環境で…,月給18万〜30万円 + 諸手当
システム・エンジニアリング・ハウス株式会社 | 官公庁はじめ、大手取引先多数！安定成長中のシステム会社,本社：東京都豊島区東池袋3-11-8サンライズ小林ビル4F ┗各線池袋駅から徒歩10分 ※勤務地は…,月給：20万円〜40万円
日鉄日立システムエンジニアリング株式会社,大阪オフィスまたは近郊のクライアント先 大阪府大阪市中央区本町4丁目5番18号 本町YSビル6階…,月給：26万8000円以上（一律都市手当含む）
スター精密株式会社 | 【東証一部上場】賞与実績5.72ヶ月☆年間休134日☆土日祝休み,☆「菊川駅」より工場直行の送迎シャトルバス運行中！☆ 【菊川工場】 静岡県菊川市三沢字北ノ谷150…,月給23万円以上＋各種手当＋賞与年2回（★2020年度実績：5.72ヶ月）
クリエーションライン株式会社 | 《クラウドインフラのリーディングカンパニー》★完全週休2日制,【テレワーク推奨】 東京本社／東京都千代田区神田佐久間町3-6 M’s WORKS BLDG 2F…,月給30万円〜
ヤマハモーターソリューション株式会社 | ヤマハ発動機グループのITサービス&ソリューション企業,【本社】静岡県磐田市岩井2000-1※マイカー通勤可※WEB面接可 ＜アクセス＞ ▼車・タクシー…,"月給：26万5,000円〜35万円+各種手当+賞与年2回（6ヶ月分※2019年度実績）"
ヤマハモーターソリューション株式会社 | ヤマハ発動機グループのITサービス&ソリューション企業,【磐田事業所】静岡県磐田市新貝2500※マイカー通勤可※WEB面接可 ＜アクセス＞ ▼車・タクシー…,月給：24万円〜32万円+各種手当+賞与年2回（6ヶ月分※2019年度実績）
ヤマハモーターソリューション株式会社 | ヤマハ発動機グループのITサービス&ソリューション企業,【磐田事業所】静岡県磐田市新貝2500※マイカー通勤可※WEB面接可 ＜アクセス＞ ▼車・タクシー…,月給：24万円〜32万円+各種手当+賞与年2回（6ヶ月分※2019年度実績）
ヤマハモーターソリューション株式会社 | ヤマハ発動機グループのITサービス&ソリューション企業,【本社】静岡県磐田市岩井2000-1※マイカー通勤可※WEB面接可 ＜アクセス＞ ▼車・タクシー…,月給：22万円〜40万円+各種手当+賞与年2回（6ヶ月分※2019年度実績）
ヤマハモーターソリューション株式会社 | ヤマハ発動機グループのITサービス&ソリューション企業,【磐田事業所】静岡県磐田市新貝2500※マイカー通勤可※WEB面接可 ＜アクセス＞ ▼車・タクシー…,"月給：23万5,000円〜32万円+各種手当+賞与年2回（6ヶ月分※2019年度実績）"
ユニオンツール株式会社 | 東証一部上場企業！国内・世界のPCBドリル製品で圧倒的シェア！,【本社勤務／転勤なし／駅近オフィス】 東京都品川区南大井6-17-1,"月給208,000円〜252,000円"
ヤマハモーターソリューション株式会社 | ヤマハ発動機グループのITサービス&ソリューション企業,【本社】静岡県磐田市岩井2000-1※マイカー通勤可※WEB面接可 ＜アクセス＞ ▼車・タクシー…,"月給：26万5,000円〜40万円+各種手当+賞与年2回（6ヶ月分※2019年度実績）"
ヤマハモーターソリューション株式会社 | ヤマハ発動機グループのITサービス&ソリューション企業,【本社】静岡県磐田市岩井2000-1※マイカー通勤可※WEB面接可 ＜アクセス＞ ▼車・タクシー…,月給：22万円〜40万円+各種手当+賞与年2回（6ヶ月分※2019年度実績）
ワンダープラネット株式会社 | 代表作は全世界で1100万DLを突破した『クラッシュフィーバー』,【本社】 愛知県名古屋市中区錦3-23-18　ニューサカエビル5階 【東京オフィス】 東京都品川区…,"月給29万1,666円〜66万6,666円"
ヤマハモーターソリューション株式会社 | ヤマハ発動機グループのITサービス&ソリューション企業,【本社】静岡県磐田市岩井2000-1※マイカー通勤可※WEB面接可 ＜アクセス＞ ▼車・タクシー…,"月給：23万5,000円〜35万円+各種手当+賞与年2回（6ヶ月分※2019年度実績）"
ヤマハモーターソリューション株式会社 | ヤマハ発動機グループのITサービス&ソリューション企業,【本社】静岡県磐田市岩井2000-1※マイカー通勤可※WEB面接可 ＜アクセス＞ ▼車・タクシー…,"月給：23万5,000円〜35万円+各種手当+賞与年2回（6ヶ月分※2019年度実績）"
ヤマハモーターソリューション株式会社 | ヤマハ発動機グループのITサービス&ソリューション企業,【磐田事業所】静岡県磐田市新貝2500※マイカー通勤可※WEB面接可 ＜アクセス＞ ▼車・タクシー…,月給：22万円〜32万円+各種手当+賞与年2回（6ヶ月分※2019年度実績）
ヤマハモーターソリューション株式会社 | ヤマハ発動機グループのITサービス&ソリューション企業,【本社】静岡県磐田市岩井2000-1※マイカー通勤可※WEB面接可 ＜アクセス＞ ▼車・タクシー…,月給：27万円〜35万円+各種手当+賞与年2回（6ヶ月分※2019年度実績）
株式会社ヴィンクス | 流通小売業界に特化した超ユーザー系SI企業★昨年実績4.2ヶ月分,大阪・東京・千葉で大募集！ ▼本社 ※小売業界の基幹システム、POSシステム、人事系システム 大阪…,月給24万円〜51万5000円＋賞与年2回（昨年実績4.2ヶ月分）
株式会社SAT | ヒアリング～運用まで携わる★頑張り次第で早期昇格も可能です！,【転勤なし】 本社／ 福岡県福岡市中央区大手門3丁目10-9 大木大手門ビル2F ※福岡市営地下鉄…,月給26万円〜　＋諸手当
株式会社 サン・メルクス | 【設立20年以上】金融系およびAI・制御系システム開発のプロ集団,◆本社、および本社近郊のお客様先 ＜本社＞ 東京都港区六本木6-2-31 六本木ヒルズ ノースタワ…,年俸制：400万円〜530万円
株式会社ソフィア | 【ユースエール認定企業】年休124日以上/残業月平均8時間程度,【転勤なし】本社（静岡県浜松市アクトタワー18階）もしくは静岡県・愛知県エリアのお客様先 ▼本社…,月給24万円〜40万円＋賞与（昨年度実績3.6ヶ月分）
株式会社ソフィア | 【ユースエール認定企業】年休124日以上/残業月平均8時間程度,【転勤なし】本社（静岡県浜松市アクトタワー18階）もしくは静岡県・愛知県エリアのお客様先 ▼本社…,月給22万円〜35万円＋賞与（昨年度実績3.6ヶ月分）
ワイジェイFX株式会社 | 《Yahoo!JAPANグループ》FX取引などの金融サービス事業を展開,本社／東京都千代田区紀尾井町1-3　東京ガーデンテラス紀尾井町　紀尾井タワー23階 《アクセス》…,年俸400万円〜1200万円
ワイジェイFX株式会社 | 《Yahoo!JAPANグループ》FX取引などの金融サービス事業を展開, 本社／東京都千代田区紀尾井町1-3　東京ガーデンテラス紀尾井町　紀尾井タワー23階 《アクセス》…,年俸500万円〜1500万円
株式会社 ジェイマックシステム | 【札幌募集】医療に特化したシステムを、自社で開発～保守運用,【転勤なし／駅チカ好立地】 <本社> 北海道札幌市中央区北4条東1丁目2-3 (札幌フコク生命ビル…,年俸制：300万円〜450万円(一律手当含む)
ビープラッツ株式会社 | 【東証マザーズ上場】大手企業向けSaaS型プラットフォームを提供,◆転勤なし・駅チカの好アクセス！ 《本社》 東京都千代田区神田練塀町 富士ソフト秋葉原ビル15F…,"■月給430,000円〜"
株式会社ブライトスター | 10月に新オフィス移転！年間休日120日以上/残業月10時間以内,首都圏エリア(東京都、埼玉県、神奈川県、千葉県) 本社：東京都荒川区東日暮里5-52-6折原ビル8F,"月給300,000円〜750,000円"
ビープラッツ株式会社 | 【東証マザーズ上場】大手企業向けSaaS型プラットフォームを提供,◆転勤なし・駅チカの好アクセス！ 《本社》 東京都千代田区神田練塀町 富士ソフト秋葉原ビル15F…,"月給286,000円〜"
株式会社テレビ朝日,【テレビ朝日・本社】東京都港区六本木６-９-１ ※状況により在宅テレワークあり,"月給21万8,100円以上"
ビープラッツ株式会社 | 【東証マザーズ上場】大手企業向けSaaS型プラットフォームを提供,◆転勤なし・駅チカの好アクセス！ 《本社》 東京都千代田区神田練塀町 富士ソフト秋葉原ビル15F…,"■月給430,000円〜"
株式会社ケイケンシステム | 独立系ソフトウェア開発企業◆駅チカ好立地◆残業月平均20h程度,【本社】 長野県長野市南千歳1-17-4 ケイケンビル ⇒「長野駅」より徒歩2分,月給21万〜50万円 ＋ 諸手当
株式会社ソフトガーデン | 社員を大切にする社員第一主義！無理な案件は一切なし/年休120日,「新横浜駅」徒歩1分の駅近！ ◆横浜事業所 神奈川県横浜市港北区新横浜3-7-18　日総第18ビル…,月給22万〜30万円
株式会社テレビ朝日メディアプレックス  | 《テレビ朝日グループ》ビックデータ基盤システムの技術に携わる,《転勤ナシ》 ＊原則テレワーク（在宅勤務）での就業となります。 ◆本社 東京都港区西麻布1-2-9…,月給25万円〜＋賞与年2回＋諸手当
フルタニ産業株式会社 | 完全週休2日制・土日祝休み／健康経営優良法人2021に認定！,《大阪本社（大阪市西区） ・ 東京オフィス（港区）・名古屋オフィス（中区）》 ※希望がない限り、転…,◆月給 20万円〜38万円
株式会社ウイサーブ | ★新人のうちから上流工程が経験できる！★転勤なし★年休120日,【転勤なし】東京都中央区新川2-3-1 セントラルスクエア9F,"月給：291,000円〜458,000円"
ビープラッツ株式会社 | 【東証マザーズ上場】大手企業向けSaaS型プラットフォームを提供,◆転勤なし・駅チカの好アクセス！ 《本社》 東京都千代田区神田練塀町 富士ソフト秋葉原ビル15F…,"■月給286,000円〜"
株式会社Scene Live | 残業12H以下／完全土日祝日休み／フレックスタイム制,《転勤なし／本町駅から徒歩3分でアクセス抜群》 【本社】大阪府大阪市中央区備後町3-4-1 備後町…,◆月給25万円〜38万円+諸手当+賞与
株式会社ニア | 年間休日125日×残業月10H×経験の浅い方も自信をもって働ける！,【転勤なし・交通費全額支給！】 本社／宮城県仙台市青葉区五橋1-7-15 ピースビル五橋6階 ＜屋…,月給25万円〜45万円
クリエーションライン株式会社 | 《クラウドインフラのリーディングカンパニー》★完全週休2日制,【テレワーク推奨】 東京本社／東京都千代田区神田佐久間町3-6 M’s WORKS BLDG 2F…,月給40万円〜
株式会社NIT  | 通信ソフトウェアの開発を中心に事業展開／年有給取得平均12日,■プロジェクト毎にクライアント先に常駐（主に東京都内） 【本社】 東京都港区芝一丁目15番14号オ…,"月給：220,000円〜500,000円"
マンパワーグループ株式会社 | 世界80の国・地域に2600のオフィスを持つグローバル企業日本法人,【みなとみらい線「みなとみらい」駅直結】 【転勤なし】 神奈川県横浜市西区みなとみらい二丁目2番1…,"月給25万9,000円(一律手当含む)〜"
株式会社NIT  | 通信ソフトウェアの開発を中心に事業展開／年有給取得平均12日,■プロジェクト毎にクライアント先に常駐（主に東京都内） プロジェクトメンバーは2〜20人、 3ヶ月…,"月給：220,000円〜500,000円"
福味商事株式会社 | <100％自社内開発>年間休日125日(土日祝)/福利厚生も充実！,【転勤なし／UIターン歓迎】 福島県本宮市本宮字舘町161-2 ※マイカー通勤OK(無料駐車場あり),月給20万円〜
株式会社グルーヴ・ディレクション | ◆完全週休2日制◆ 年間休日125日（昨年実績）◆定着率90%以上,【転勤なし】東京都、千葉県、神奈川県、埼玉県のクライアント先 ●首都圏を中心に、中央区、江東区、千…,年俸400万円以上
株式会社NIT  | 通信ソフトウェアの開発を中心に事業展開／年有給取得平均12日,■プロジェクト毎にクライアント先に常駐（主に東京都内） 【本社】 東京都港区芝一丁目15番14号オ…,"月給：220,000円〜500,000円"
株式会社エステイエス | 完全週休2日/エンジニアが働きやすく成果を上げられる環境です！,◆本社または各プロジェクト先（東京および首都圏） ※通勤時間を考慮します 【本社】 東京都港区新橋…,年俸制 300万円〜600万円（1/12の金額を月々支給）
株式会社オートウェイ | 東証一部上場の『 株式会社プロトコーポレーション 』グループ,熊本オフィス：熊本県熊本市中央区水前寺3丁目3-25　増永水前寺ビル304号 ＜アクセス＞ JR豊…,"月給180,000円〜300,000円＋諸手当"
Ｗｏｒｌｄ　Ｕｔｉｌｉｔｙ株式会社 | 新社屋建設中！東京・大阪などからUIターン者多数◎WEB面接可,島根県松江市西津田2-8-24 カワタビル2F ※新社屋建設中（7月完成予定）！ 新しくきれいなオ…,"月給：200,000円〜400,000円＋諸手当"
株式会社コラボレーションシステム | 【GIGAスクール構想で成長市場】６つの充実した手当を完備,＼ 転勤なし・UIターン歓迎！ ／ 基本的には東京もしくは福岡(本社)での勤務となります。 【東京…,月給／23万円〜47万円 ＋ 諸手当+賞与
クリエーションライン株式会社 | 《クラウドインフラのリーディングカンパニー》★完全週休2日制,【テレワーク推奨】 東京本社／東京都千代田区神田佐久間町3-6 M’s WORKS BLDG 2F…,月給40万円〜
東京エレクトロンデバイス株式会社 | 東証一部上場・東京エレクトロングループ／福利厚生充実,＜京王新線「初台」駅より徒歩9分＞ ※転勤は当面想定しておりません。 【新宿サポートセンター】 東…,"月給20万6,000 円〜42万9,000円"
株式会社プロトソリューション | ＜『クルマまるごとグーネット』でおなじみ！＞☆福利厚生も充実,【駅チカでアクセスも良好！】 宮城県仙台市若林区新寺一丁目3-45 AI．Premium4F,"月給：233,000円以上 (一律手当含む)＋他手当+賞与(年2回)"
株式会社プロトソリューション | ＜『クルマまるごとグーネット』でおなじみ！＞☆福利厚生も充実,【駅チカでアクセスも良好！】 宮城県仙台市若林区新寺一丁目3-45 AI．Premium4F,"月給：243,000円以上(一律手当含む)＋他手当+賞与(年2回)"
東京エレクトロンデバイス株式会社 | 東証一部上場・東京エレクトロングループ　★フレックスタイム制,新宿オフィス／東京都新宿区西新宿3-7-1　新宿パークタワー S34階 【アクセス】 京王新線「初…,"月給20万6,000 円〜42万9,000円"
