商品名,価格
＼まだ間に合う／母の日 プレゼント 花 ギフト 選べる花鉢＆リース母の月 カーネーション アジサイ ケイトウ リース母の日ギフト 鉢 生花 鉢植え 本州・四国は送料無料 北海道・九州のお届けは送料650円 沖縄県・離島お届け不可 2021 FKHH,2698
＼まだ間に合う／ 母の日 プレゼント カーネーション 花色おまかせ鉢植え ギフト とおまかせ幸せ特典,3782
【高級 まだ間に合う 母の日 ギフト】【高級お茶漬けセット】金目鯛、鰻、鮭、蛤、炙り河豚、磯海苔 送料無料 あす楽 誕生日プレゼント 父の日 2021 プチギフト うなぎ 鯛茶漬け 出産内祝い お返し 結婚 父 母 男性 女性 彼氏 彼女 ありがとう お祝い お礼 贈り物 魚,3980
【母の日 まだ間に合う/あす楽対応】さくらんぼ 佐藤錦 プレミアムボックス(秀品/L・2Lサイズ/24粒)【山形県産/母の日ギフト/贈り物/プレゼント/花/カーネーション/メッセージカード/果物/フルーツ/送料無料/お取り寄せ】,3980
＼まだ間に合う！／ 母の日 プレゼント まだ間に合う 花 ギフト 紫陽花 あじさい アジサイ バラ プリザーブドフラワー 和菓子 洋菓子 アレンジメント 送料無料 スイーツ ギフトセット おいもや 【静岡 AA】,3298
ポイント5倍 送料無料 母の日 ギフト 花 プレゼント お菓子 詰め合わせYRO-AMM ガトー ドゥ ルメルシモン（5種34個入り）ヨックモック スイーツ 手土産 洋菓子 個包装 内祝い チョコクッキー お祝い 焼き菓子 お取り寄せ 人気 カーネーション 楽天パンダ エコバック,2980
まだ間に合う 母の日 ギフト プレゼント 王様の足枕 (超極小ビーズ素材 足枕) 足を乗せた瞬間気持ちいい♪ ゆったり癒しの 足枕 【母の日当日お届け可能】【実用的 王様 クッション 足まくら 脚枕 リラックス かわいい おしゃれ 日本製 父の日 2021】【2】,2590
母の日 スイーツ ルタオ 【ドゥーブルフロマージュ 食べ比べセット】4号 (2〜4名様) 2021 ギフト プレゼント チーズケーキ ケーキ お菓子 誕生日 洋菓子 お取り寄せ 北海道 帰省 プレゼント 取り寄せ 苺 いちご お祝い,3990
花キューピット【母の日 ギフト】カーネーションのミックスアレンジメントmt01yr-521319 女性 お母さん ママ 母 祖母 誕生日 プレゼント カーネーション,4950
送料無料 リンツ Lindt チョコレート リンドール 23個入り テイスティングセット｜母の日 ギフト 洋菓子ギフト かわいい おしゃれ お菓子 スイーツ プチギフト オシャレ プレゼント 可愛い 手土産 内祝い 内祝いお返し お礼 リンツチョコ 誕生日,2980
＼本日エントリー5倍／母の日 スイーツ ギフト プレゼント 花 セット 誕生日プレゼント 内祝い 詰め合わせ おしゃれ お取り寄せ 食品 母 女友達 女性 健康 あす楽【ヘルシースイーツアソート 8個入】,3980
＜クーポン利用で半額！＞ 楽天1位 カーディガン レディース 夏 薄手 UVカット フード付き 長袖 透け感 羽織り トップス 冷房対策 紫外線対策 フェミニン カジュアル 白 黒 くすみカラー 【 UVカットフード付きサマーニットカーデ 】 ダークエンジェル,2580
【期間限定 55%OFF】 美顔ローラー リファカラットレイフェイス リファ カラット ReFa CARAT RAY FACE MTG refa 美顔器 美容 フェイスライン ハリ rifa,11000
母の日 ギフト プレゼント 花 鉢植え カーネーション 百合 マダガスカルジャスミン ダリア メリーベル 東北〜関東〜関西送料無料 9種類から選べるお花 母の日プレゼント 鉢花 花鉢 花のギフト社,3280
"＼最終受付中！／ 母の日 まだ間に合う プレゼント 父の日 ギフト 楽天1位の鹿児島ブランドうなぎ 送料無料2,999円！更に2尾で1,000円OFFクーポンあり！ うなぎ ウナギ 鰻 Shop of the Year受賞",2999
送料無料 楽天1位 カーネ スイーツ セット 6色から選べる カーネーション 鉢 赤 ピンク オレンジ アプリコット パープル 2色ピンク 母の日ギフト 母の日 プレゼント 花 フラワー ギフト 鉢植え 花鉢 お菓子 和菓子 カステラ 他,4480
＼まだ間に合う！／ 母の日 プレゼント 花 ギフト カーネーション 鉢 生花 鉢植え 送料無料 スイーツ お菓子 ギフトセット どら焼き おいもや 【静岡 AA】,3398
【クーポン利用で100円OFF】まだ間に合う 母の日 ギフト プレゼント スイーツ 花付き ゼリー ジュース 母の日ギフト 詰め合わせ 母の日プレゼント 実用的 無添加 国産 2020年モンドセレクション 最高金賞受賞 2020年グッドデザイン賞受賞,3650
タンパクオトメ 女性専用プロテイン 送料無料 ホエイプロテインとソイプロテインをW配合。不足しがちなタンパク質と美容成分たっぷり、おきかえダイエットにも高タンパク低糖質プロテイン。植物性 動物性 wpi プロテイン 楽天ランキング1位 プロテインフード 砂糖不使用,2980
まだ間に合う 母の日 ギフト 母の日ギフト プレゼント 送料無料 スイーツ 誕生日 母 母親 誕生日プレゼント 洋菓子 健康 グルメ 果物果実の宝石箱 フルーツコンポート3本セット＼4年連続グルメ大賞／総合ランキング1位ゼリー 内祝 ヘルシースイーツ,3999
花キューピット【母の日 ギフト】グラマラス（ピンク）mt01yr-521253 女性 お母さん ママ 母 祖母 誕生日 プレゼント カーネーション,3850
"【合計34,672円相当GET! 4/30 10:00〜5/7 9:59】ブラウン 光美容器 シルクエキスパート PL-5137（プレミアムモデル シリーズ5） レディーシェーバー付（シルクエピル LS5160R1）｜正規品 Braun フラッシュ 脱毛器 メンズ 光脱毛器 ムダ毛処理 脱毛機 家庭用脱毛器 ipl",86680
【ポイント最大38913円還元 5月6日(木)0:00−5月6日(木)9:59】業界初クーリング機能で痛くない光脱毛器★レビューで抑毛成分配合BBUVジェル＆脱毛器 収納ポーチ＋エステ券「脱毛ラボ・ホームエディション(家庭用脱毛器)」 母の日,71478
5月12日以降の発送 ギフト 野菜をMOTTO おまかせ スープ6個 レンジ で 1分 贅沢 野菜 スープ セット｜ 出産内祝 内祝 簡単 手軽 朝食 ランチ 子ども 時短 子育て 備蓄 巣ごもり消費 常温 長期 保存 野菜不足解消 ｜2021 父の日,3699
【母の日 まだ間に合う/あす楽対応】さくらんぼ 佐藤錦 プレミアムボックス(秀品/Mサイズ/24粒入り)【山形県産/母の日ギフト/贈り物/プレゼント/花/カーネーション/メッセージカード/果物/フルーツ/お取り寄せ】,2970
"＼最終受付中！／ 母の日 まだ間に合う プレゼント 父の日 ギフト 半額セールで送料無料1,999円！青森県陸奥湾の一級品！浜蒸しベビーホタテ貝むき身たっぷり1kg（2Lサイズ/61-80粒入り）【帆立】【ほたて】【ホタテ】【バーベキュー】【BBQ】",1999
＼まだ間に合う／ 母の日 プレゼント 花 ギフト 選べる9種類 選べる花鉢＆リースとスイーツセット 母の日ギフトカーネーション ケイトウ アートフラワーリース 鉢 生花 鉢植え 送料無料 スイーツ お菓子 ギフトセットはちみつカステラ バウムクーヘン プリン FKHH,3498
母の日【天然高級魚 銀だら入り西京漬＆粕漬お買得セット】食べた人のほぼ全員が『感動』を体験☆ 内祝 ギフト 母の日ギフト お取り寄せ グルメ 送料無料 御祝 高級 西京漬け 魚 西京焼き 西京焼 お返し 食品 詰め合わせ おかず おつまみ 花以外 食べ物,4990
テレビ放送商品 シェイプ フィットネス器具 ジェットスリムボディMAX AR1996,13000
まだまだ間に合う母の日 ギフト 選べるカーネーション 16色 母の日 贈り物 プレゼント 花 鉢植え 5号鉢 送料無料 母の日2021,2980
